Species,SpeciesID,PMID,length
"A. caldus, acidithiobacillus caldus",33059,"21687411, 21687411",2
A. durhamensis,113563,35871242,1
"A. ferrooxidans, Acidithiobacillus ferrooxidans",920,"29696439, 29696439, 25371339, 18512002, 21308384",5
A. franciscana,6661,35327618,1
"A. robiniae, Actinospica robiniae",304901,"35871242, 35871242",2
Acidianus two-tailed virus,315953,27053548,1
Acidimicrobium ferrooxidans,53635,21308384,1
Acidiphilium cryptum,524,18512002,1
Acidithiobacillus ferrivorans,160808,25371339,1
Acidithrix ferrooxidans,1280514,25371339,1
"Acinetobacter, Acinetobacter sp. Ver3",466088,"25954258, 25954258",2
"Actinocrinis, Actinocrinis puniceicyclus",977794,"35871242, 35871242",2
"Actinospica, Actinospica durhamensis, CSCA 57",1508375,"35871242, 35871242, 35871242",3
Actinospica acidiphila,304899,35871242,1
Aerobacter aerogenes,548,15106001,1
"Arabidopsis, Arabidopsis thaliana",3702,"35837468, 36676148",2
Arthronema africanum,241438,35196144,1
Astragalus membranaceus,649199,31353729,1
Azotobacter vinelandii,354,"28447265, 31595369",2
"B. clausii, Bacillus clausii",79880,"24915287, 24915287",2
B. juncea,3707,26745003,1
B. licheniformis,1402,17310272,1
"B. subtilis, Bacillus subtilis",1423,"24915287, 12486459, 12486459",3
Bacillus amyloliquefaciens,1390,17310272,1
Bacillus sp. dsh19-1,1861974,29936543,1
"Biota, biota",131567,"25370528, 35010636",2
Brevibacillus choshinensis,54911,31734848,1
"C. acidophila, Chlamydomonas acidophila",257625,"30077857, 30077857",2
C. magnifica,6591,19730970,1
"C. merolae, Cyani, Cyanidioschyzon merolae",45157,"17022817, 35831325, 35831325, 17022817",4
"C. salexigens, Chromohalobacter salexigens",158080,"15902510, 22907126, 15902510",3
"CCTCC AB 2011033, Halomonas, Halomonas socia, KCTC 23671, NY-011",1081866,"23722502, 23722502, 23722502, 23722502, 23722502",5
"Calyptogena, Calyptogena okutanii",1298646,"19730970, 19730970",2
Candidatus Korarchaeum cryptofilum,498846,24477828,1
Candidatus Ruthia magnifica,386487,19730970,1
Candidatus Vesicomyosocius okutanii st,412965,19730970,1
Cephalothrix komarekiana,1844524,35196144,1
Chloromonas brevispina,201318,33391329,1
Chloromonas krienitzii,1580877,33391329,1
"Chroococcidiopsis, Chroococcidiopsis cubana",171392,"35196144, 35196144",2
Chroococcidiopsis thermalis,54299,35196144,1
"Coccomyxa, Coccomyxa actinabiotis",1006971,"27470701, 27470701",2
"Coccomyxa melkonianii, SCCA 048",1825603,"30341564, 30341564",2
Colwellia maris,77524,28447265,1
D. melanogaster,7227,35327618,1
"D. radiodurans, Deinococcus radiodurans",1299,"33452031, 15106001, 27470701, 33452031, 22984263, 16896528, 27470701",7
"D. radiophilus, Deinococcus radiophilus",32062,"15106001, 15106001",2
DNA viruses,2080735,27112572,1
"DSM 43338, R. ruber, Rhodococcus ruber, Rhodococcus ruber (Kruse 1896) Goodfellow and Alderson 1977",1830,"38214280, 38214280, 38214280, 38214280",4
"DSM 44752, Rhodococcus aetherivorans",191292,"38214280, 38214280",2
Deinococcus radiodurans R1,243230,37371877,1
Deinococcus radiopugnans,57497,16896528,1
Dunaliella salina,3046,23722502,1
"E. coli, Escherichia, Escherichia coli",562,"31734848, 23296511, 16896528, 15902510, 37371877, 24915287, 38252174, 24430467, 33515353, 28447265, 28321616, 22984263, 16896528, 15902510, 19039518, 29936543, 30062607, 12013431, 27438592, 18189118, 9672679, 38252174, 24318109, 24687296, 22481638",25
E. halophilus,251717,34402982,1
"EGI 80432, Egicoccus halophilus",1670830,"34402982, 34402982",2
"Eutrema salsugineum, Thellungiella salsuginea",72664,"35837468, 29761500",2
"F. islandicum, Fervidobacterium islandicum",2423,"33320434, 33320434",2
Ferrovum myxofaciens,416213,25371339,1
Fragilaria sp,2041152,33351707,1
"G. sulphuraria, Galdieria, Galdieria sulphuraria",130081,"36363730, 17022817, 36363730, 17022817",4
"Galdieria, Galdieria phlegrea",1389228,"36792488, 36792488",2
"Gambusia, Gambusia eurystoma",37269,"19826772, 19826772",2
Gambusia sexradiata,37287,19826772,1
Geobacillus thermantarcticus,186116,28593333,1
"Geoglobus, Geoglobus acetivorans",565033,"30062607, 30062607",2
"H. lacusprofundi, Halorubrum lacusprofundi",2247,"33081237, 33081237",2
H. pantelleriensis,48727,23722502,1
Halanaerobium hydrogeniformans,656519,22527048,1
Halanaerobium praevalens,2331,22527048,1
Haloarcula marismortui,2238,24150694,1
Haloarcula vallismortis,28442,24150694,1
Halobacterium salinarum,2242,"24150694, 23892291, 21109526",3
"Halobacterium sp. NRC-1, Halobacteriumsp. NRC-1",64091,"16542428, 16542428",2
Haloferax denitrificans,35745,24150694,1
Haloferax gibbonsii,35746,24150694,1
Haloferax mediterranei,2252,24150694,1
Haloferax volcanii,2246,"33081237, 16896523",2
"Halomonas, Halomonas gudaonensis",376427,"35716203, 35716203",2
"Halomonas, Halomonas sediminis",470784,"18825306, 18825306",2
Halomonas elongata,2746,"22907126, 24150694",2
"Halomonas sp, Halomonas sp.",1486246,"36846806, 36846806",2
Halothermothrix orenii,31909,22527048,1
"L. ferriphilum, Leptospirillum ferriphilum",178606,"18512002, 18512002",2
"LMG 29881, Rhodococcus electrodiphilus",1915243,"38214280, 38214280",2
Laminaria japonica,88149,31353729,1
Leptolyngbya foveolarum,47253,35196144,1
Leptospirillum ferrooxidans,180,25371339,1
M. alcaliphilum,392018,36260502,1
M. crystallinum,3544,26745003,1
M. extorquens,408,38150661,1
"M. taiwanensis WR-220, Meiothermus taiwanensis WR-220",1339250,"28680127, 28680127",2
Methanococcus voltae,2188,27822701,1
Methylobacterium extorquens AM1,272630,38150661,1
Microcella alkaliphila,279828,27240670,1
Mycoplasma capricolum,2095,23658230,1
N. flagelliforme CCNUN1,2038116,30623567,1
Natrinema sp. J7,406552,16896523,1
Natrinema sp. J7-1,1172566,29361162,1
Natronomonas pharaonis,2257,"20543878, 18189118",2
Nitzschia aurariae,1880613,33351707,1
Oceanithermus profundus,187137,38252174,1
"P. aeruginosa, Pseudomonas aeruginosa",287,"15902510, 15902510",2
"P. majus, Prasium majus L",42107,"24511740, 24511740",2
"P. marina, Psychromonas marina",88364,"28447265, 28447265, 31595369",3
"P. mexicana, Poecilia mexicana",48701,"32586956, 19826772, 16788733, 32586956, 19826772, 16788733, 26052634",7
P. psychrophila,122355,28681112,1
Pelagibacterium halotolerans B2,1082931,22481638,1
"Picrophilus, Picrophilus torridus",82076,"27094682, 27094682",2
Planococcus halocryophilus,1005941,31386567,1
"Poecilia, Poecilia sulphuraria",80270,"19826772, 19826772",2
Pseudoalteromonas haloplanktis,228,17310272,1
"Pseudomonas, Pseudomonas fluorescens",294,"31178851, 31178851",2
Pseudomonas (63,697437,31178851,1
Pseudomonas sp. MPC6,2498848,31178851,1
Psidium guajava L,120290,29037684,1
Pyrococcus abyssi,29292,24430467,1
Pyrococcus horikoshii,53953,12013431,1
Pyrococcus yayanosii CH1,529709,24430467,1
Pyrodictium abyssi,54256,37843723,1
Pyrodictium occultum,2309,37843723,1
"Pyrolobus, Pyrolobus fumarii",54252,"10376671, 10376671, 37843723",3
"Rats, rat, rats",10116,"31353729, 31353729, 31353729",3
"Rhodococcus, Rhodococcus rhodochrous",1829,"38214280, 38214280",2
Rhodococcus sp. JG3,1305835,32833498,1
"Rover, rover",181464,"17600759, 31592682",2
"S. japonicus, Scomber japonicus, chub mackerel",13676,"30595992, 30595992, 30595992",3
"S. portulacastrum, Sesuvium portulacastrum",221166,"25821455, 25821455",2
"S. solfataricus, Sulfolobus solfataricus",2287,"33806142, 15456402, 9672679, 23296511, 12013431, 18568289",6
"STIV, Sulfolobus turreted icosahedral virus",269145,"23520050, 23520050",2
"Saccharomyces cerevisiae, yeast, yeasts",4932,"27822701, 33900423, 24150694, 36260502, 25369810, 33900423",6
"Salinibacter, Salinibacter ruber",146919,"12072957, 12072957, 37996679",3
Salmonella typhimurium,90371,24687296,1
Stauroneis kriegeri,431587,33351707,1
Streptomyces lividans TK24,457428,33515353,1
Sulfobacillus thermotolerans,338644,18512002,1
"Sulfolobus, Sulfolobus tokodaii s",273063,"28321616, 28321616",2
Sulfolobus acidocaldarius,2285,27822701,1
Sulfolobus solfataricus P2,273057,15456402,1
Sulfolobus sp,2288,28321616,1
Sulfolobus tokodaii,111955,19039518,1
"T. aquaticus, Thermus aquaticus",271,"16896528, 16896528",2
"T. kodakarensis, Thermococcus kodakarensis",311400,"23224520, 23224520",2
"T. litoralis DSM 5473, Thermococcus litoralis DSM 5473",523849,"27438592, 27438592",2
T. sediminis,392725,38252174,1
Tepidimonas sediminis,2588941,38252174,1
Thermococcus eurythermalis,1505907,33013758,1
Thermococcus kodakarensis KOD1,69014,21409597,1
Thermococcus litoralis,2265,12013431,1
Thermococcus sp. CKU-1,93927,24687296,1
Thermoplasma acidophilum,2303,9672679,1
"Thermus, Thermus filiformis",276,"9676240, 9676240",2
"Thermus, Thermus thermophilus (HB8, Thermus thermophilus HB8",300852,"36416985, 22984263, 36416985",3
Thermus thermophilus,274,16896528,1
"V. cholerae, Vibrio cholerae",666,"15902510, 15902510",2
"V. radiata, Vigna radiata",157791,"24477828, 24477828",2
Zunongwangia profunda,398743,24318109,1
actinobacterium,1883427,21308384,1
actinomycete,100235,35871242,1
algae,569578,"35010636, 25369810, 35831325, 36461636, 17022817",5
alpha-Proteobacteria,28211,19089530,1
alpine,111901,"33391329, 36461636",2
archaeal virus,451344,27053548,1
bacterial viruses,12333,23520050,1
beta-Proteobacteria,28216,19089530,1
bovine,9913,12967265,1
cyanobacterium Nostoc,1180,30623567,1
dsDNA viruses,35237,27112572,1
"environmental, environmental samples",1275957,"30055054, 30055054",2
"halophilic, halophilic archaeon",29295,"16896523, 16542428",2
"human, humans",9606,"35909612, 23640690, 26983646, 36676148, 35716203, 27470701, 33817931, 37996679",8
marine bacterium,56765,"29936543, 24318109, 22481638",3
metagenome,256318,"33602336, 34524897, 37996679",3
metagenomes,408169,"26494981, 37996679",2
mice,10090,30595992,1
spelt,58933,27240670,1
strain 1,2579975,37843723,1
thermoactinomyces vulgaris,2026,24318109,1
unclassified bacteria,2323,19089530,1
"uncultured, uncultured archaea",115547,"34524897, 34524897",2
