Disease,DiseaseID,PMID,length
AMD,D006009,18512002,1
"Acidithiobacillia acidophilic, acidophilic Acidithiobacillia, acidophilic genera Fervidacidithiobacillus",D000239,"35242113, 35242113, 35242113",3
"Afar Depression, Depression, depression",D000275,"31133675, 33677634, 31133675, 33677634, 37996679",5
"Alkaliphilic bacteria, alkaliphilic bacteria, exceptions extremophilic bacteria, extremophilic and extremotolerant bacteria, halophilic/psychrophilic bacteria, hyperthermophilic bacteria, psychrophilic bacteria",C537702,"26090360, 26090360, 8688447, 31884159, 32833498, 10376671, 17160345",7
Antarctic Psychrotolerant Strain,D013180,31178851,1
Antarctic rocks,D002006,33112645,1
C5-carbon,C537005,31178851,1
"Cold, extremotolerant cold",D000067390,"33081237, 32833498, 24790757, 31386567",4
"Cross-Stress, Stress, abiotic stresses, cold-stress, hyperosmolar stress, stress, stresses",D000079225,"33013758, 33452031, 35196144, 36676148, 31386567, 35837468, 31178851, 38252174, 35837468, 37073170, 34402982, 32586956, 26983646, 33320434, 31386567, 38252174",16
HD,D006816,37371877,1
LLPS behaviors,D001523,35327618,1
McMurdo Dry Valleys,D003047,33112645,1
NAD(P)H-dependent,C000656865,36416985,1
OB,D009765,16896528,1
Sulfur-Oxidizing Acidithiobacillus,C564972,31146680,1
Tuberculosis,D014376,26983646,1
alkali-halotolerant,D006934,35661272,1
bacterial glycerophospholipids,D016920,35976526,1
"beta-Galactosidases Primary, psychrophilic beta -galactosidases",D016537,"24790757, 24790757",2
cancer,D009369,34265519,1
"cold shock, shock, shock proteins",D012769,"33806142, 38252174, 38252174",3
decreased liver weight,D017093,31353729,1
dehydration,D003681,35327618,1
detrimental,D008569,25954258,1
developmental interdependencies,D007805,27334284,1
"edema, swelling",D004487,"35986436, 35986436",2
eruptions,D003875,29688767,1
extremophilic red algal,D003117,36792488,1
fascinating alkaliphiles' pH homeostasis,D010677,31273417,1
fits,D012640,33352933,1
haloalkaliphile's metabolism,D008659,20543878,1
hyper-thermostability,D053306,33515353,1
"hyperthermophile proteins, psychrophilic proteins",D018455,"19285004, 17160345",2
"hypothyroid, hypothyroid conditions, hypothyroidism, hypothyroidism and liver damages",D007037,"31353729, 31353729, 31353729, 31353729",4
impacts energy metabolism,D014095,26052634,1
infection,D007239,"27053548, 26983646",2
neutrophilic Acidithiobacillia,C564275,35242113,1
psychrophilic Vibrio salmonicida,D014735,17576517,1
retardation,D008607,33320434,1
rigidity,D009127,"37073170, 17310272",2
thyroid dysfunctions,D013959,31353729,1
toxic H(2)S,D000755,16788733,1
"toxicity, toxicity and deficiency",D064420,"32586956, 27334284, 26745003, 21109526",4
"weight loss, firmness",D015431,29037684,1
