Genes,GenesID,PMID,length
Afar,8574,31133675,1
Alg7,852545,27822701,1
CAT,12359,30595992,1
"CS, citrate synthase",24866988,"9672679, 9672679",2
ClpB,81570,37996679,1
DnaJ,85406,37996679,1
GACE1337,24797917,30062607,1
"GAPDH, Glyceraldehyde-3-phosphate dehydrogenase, glyceraldehyde-3-phosphate dehydrogenase",3234767,"21409597, 21409597, 21409597",3
"GAPN, glyceraldehyde-3-phosphate dehydrogenase",24889303,"23296511, 23296511",2
"Group 1, group 1",5657842,"35327618, 35327618",2
GrpE,80273,37996679,1
MUP,100129193,37996679,1
TTHB078,3169567,36416985,1
aspartate aminotransferase,25721,31353729,1
aspartate racemase,16548744,27438592,1
"beta -galactosidase, beta-galactosidase",2720,"24790757, 30219948",2
calmodulin,17087466,17022817,1
endoglucanase,25405226,18568289,1
hmp,10989,33203689,1
nov,4856,35716203,1
sea,6395,23640690,1
xanthine oxidase,22436,30595992,1
