Category,DiseaseID,PMID,length
AMD,D006009,[18512002],1
Acidithiobacillia acidophilic,D000239,[35242113],1
Afar Depression,D000275,[31133675],1
Alkaliphilic bacteria,C537702,[26090360],1
Antarctic Psychrotolerant Strain,D013180,[31178851],1
Antarctic rocks,D002006,[33112645],1
C5-carbon,C537005,[31178851],1
Cold,D000067390,"[33081237, 32833498, 24790757]",3
Cross-Stress,D000079225,[33013758],1
Depression,D000275,"[33677634, 31133675]",2
HD,D006816,[37371877],1
LLPS behaviors,D001523,[35327618],1
McMurdo Dry Valleys,D003047,[33112645],1
NAD(P)H-dependent,C000656865,[36416985],1
OB,D009765,[16896528],1
Stress,D000079225,"[33452031, 35196144, 36676148, 31386567]",4
Sulfur-Oxidizing Acidithiobacillus,C564972,[31146680],1
Tuberculosis,D014376,[26983646],1
abiotic stresses,D000079225,[35837468],1
acidophilic Acidithiobacillia,D000239,[35242113],1
acidophilic genera Fervidacidithiobacillus,D000239,[35242113],1
alkali-halotolerant,D006934,[35661272],1
alkaliphilic bacteria,C537702,[26090360],1
bacterial glycerophospholipids,D016920,[35976526],1
beta-Galactosidases Primary,D016537,[24790757],1
cancer,D009369,[34265519],1
cold shock,D012769,[33806142],1
cold-stress,D000079225,[31178851],1
decreased liver weight,D017093,[31353729],1
dehydration,D003681,[35327618],1
depression,D000275,"[33677634, 37996679]",2
detrimental,D008569,[25954258],1
developmental interdependencies,D007805,[27334284],1
edema,D004487,[35986436],1
eruptions,D003875,[29688767],1
exceptions extremophilic bacteria,C537702,[8688447],1
extremophilic and extremotolerant bacteria,C537702,[31884159],1
extremophilic red algal,D003117,[36792488],1
extremotolerant cold,D000067390,[31386567],1
fascinating alkaliphiles' pH homeostasis,D010677,[31273417],1
fits,D012640,[33352933],1
haloalkaliphile's metabolism,D008659,[20543878],1
halophilic/psychrophilic bacteria,C537702,[32833498],1
hyper-thermostability,D053306,[33515353],1
hyperosmolar stress,D000079225,[38252174],1
hyperthermophile proteins,D018455,[19285004],1
hyperthermophilic bacteria,C537702,[10376671],1
hypothyroid,D007037,[31353729],1
hypothyroid conditions,D007037,[31353729],1
hypothyroidism,D007037,[31353729],1
hypothyroidism and liver damages,D007037,[31353729],1
impacts energy metabolism,D014095,[26052634],1
infection,D007239,"[27053548, 26983646]",2
neutrophilic Acidithiobacillia,C564275,[35242113],1
psychrophilic Vibrio salmonicida,D014735,[17576517],1
psychrophilic bacteria,C537702,[17160345],1
psychrophilic beta -galactosidases,D016537,[24790757],1
psychrophilic proteins,D018455,[17160345],1
retardation,D008607,[33320434],1
rigidity,D009127,"[37073170, 17310272]",2
shock,D012769,[38252174],1
shock proteins,D012769,[38252174],1
stress,D000079225,"[35837468, 37073170, 34402982, 32586956, 26983646, 33320434, 31386567]",7
stresses,D000079225,[38252174],1
swelling,D004487,[35986436],1
thyroid dysfunctions,D013959,[31353729],1
toxic H(2)S,D000755,[16788733],1
toxicity,D064420,"[32586956, 27334284, 26745003]",3
toxicity and deficiency,D064420,[21109526],1
"weight loss, firmness",D015431,[29037684],1
