Category,GeneID,PMID,length
Afar,8574,[31133675],1
Alg7,852545,[27822701],1
CAT,12359,[30595992],1
CS,24866988,[9672679],1
ClpB,81570,[37996679],1
DnaJ,85406,[37996679],1
GACE1337,24797917,[30062607],1
GAPDH,3234767,[21409597],1
GAPN,24889303,[23296511],1
Glyceraldehyde-3-phosphate dehydrogenase,3234767,[21409597],1
Group 1,5657842,[35327618],1
GrpE,80273,[37996679],1
MUP,100129193,[37996679],1
TTHB078,3169567,[36416985],1
aspartate aminotransferase,25721,[31353729],1
aspartate racemase,16548744,[27438592],1
beta -galactosidase,2720,[24790757],1
beta-galactosidase,2720,[30219948],1
calmodulin,17087466,[17022817],1
citrate synthase,24866988,[9672679],1
endoglucanase,25405226,[18568289],1
glyceraldehyde-3-phosphate dehydrogenase,24889303,[23296511],1
glyceraldehyde-3-phosphate dehydrogenase,3234767,[21409597],1
group 1,5657842,[35327618],1
hmp,10989,[33203689],1
nov,4856,[35716203],1
sea,6395,[23640690],1
xanthine oxidase,22436,[30595992],1
