Category,CategoryID,PMID,length
A. caldus,33059,[21687411],1
A. durhamensis,113563,[35871242],1
A. ferrooxidans,920,[29696439],1
A. franciscana,6661,[35327618],1
A. robiniae,304901,[35871242],1
Acidianus two-tailed virus,315953,[27053548],1
Acidimicrobium ferrooxidans,53635,[21308384],1
Acidiphilium cryptum,524,[18512002],1
Acidithiobacillus ferrivorans,160808,[25371339],1
Acidithiobacillus ferrooxidans,920,"[29696439, 25371339, 18512002, 21308384]",4
Acidithrix ferrooxidans,1280514,[25371339],1
Acinetobacter,466088,[25954258],1
Acinetobacter sp. Ver3,466088,[25954258],1
Actinocrinis,977794,[35871242],1
Actinocrinis puniceicyclus,977794,[35871242],1
Actinospica,1508375,[35871242],1
Actinospica acidiphila,304899,[35871242],1
Actinospica durhamensis,1508375,[35871242],1
Actinospica robiniae,304901,[35871242],1
Aerobacter aerogenes,548,[15106001],1
Arabidopsis,3702,[35837468],1
Arabidopsis thaliana,3702,[36676148],1
Arthronema africanum,241438,[35196144],1
Astragalus membranaceus,649199,[31353729],1
Azotobacter vinelandii,354,"[28447265, 31595369]",2
B. clausii,79880,[24915287],1
B. juncea,3707,[26745003],1
B. licheniformis,1402,[17310272],1
B. subtilis,1423,"[24915287, 12486459]",2
Bacillus amyloliquefaciens,1390,[17310272],1
Bacillus clausii,79880,[24915287],1
Bacillus sp. dsh19-1,1861974,[29936543],1
Bacillus subtilis,1423,[12486459],1
Biota,131567,[25370528],1
Brevibacillus choshinensis,54911,[31734848],1
C. acidophila,257625,[30077857],1
C. magnifica,6591,[19730970],1
C. merolae,45157,[17022817],1
C. salexigens,158080,[15902510],1
CCTCC AB 2011033,1081866,[23722502],1
CSCA 57,1508375,[35871242],1
Calyptogena,1298646,[19730970],1
Calyptogena okutanii,1298646,[19730970],1
Candidatus Korarchaeum cryptofilum,498846,[24477828],1
Candidatus Ruthia magnifica,386487,[19730970],1
Candidatus Vesicomyosocius okutanii st,412965,[19730970],1
Cephalothrix komarekiana,1844524,[35196144],1
Chlamydomonas acidophila,257625,[30077857],1
Chloromonas brevispina,201318,[33391329],1
Chloromonas krienitzii,1580877,[33391329],1
Chromohalobacter salexigens,158080,"[22907126, 15902510]",2
Chroococcidiopsis,171392,[35196144],1
Chroococcidiopsis cubana,171392,[35196144],1
Chroococcidiopsis thermalis,54299,[35196144],1
Coccomyxa,1006971,[27470701],1
Coccomyxa actinabiotis,1006971,[27470701],1
Coccomyxa melkonianii,1825603,[30341564],1
Colwellia maris,77524,[28447265],1
Cyani,45157,[35831325],1
Cyanidioschyzon merolae,45157,"[35831325, 17022817]",2
D. melanogaster,7227,[35327618],1
D. radiodurans,1299,"[33452031, 15106001, 27470701]",3
D. radiophilus,32062,[15106001],1
DNA viruses,2080735,[27112572],1
DSM 43338,1830,[38214280],1
DSM 44752,191292,[38214280],1
Deinococcus radiodurans,1299,"[33452031, 22984263, 16896528, 27470701]",4
Deinococcus radiodurans R1,243230,[37371877],1
Deinococcus radiophilus,32062,[15106001],1
Deinococcus radiopugnans,57497,[16896528],1
Dunaliella salina,3046,[23722502],1
E. coli,562,"[31734848, 23296511, 16896528, 15902510, 37371877, 24915287, 38252174]",7
E. halophilus,251717,[34402982],1
EGI 80432,1670830,[34402982],1
Egicoccus halophilus,1670830,[34402982],1
Escherichia,562,[24430467],1
Escherichia coli,562,"[33515353, 28447265, 28321616, 22984263, 16896528, 15902510, 19039518, 29936543, 30062607, 12013431, 27438592, 18189118, 9672679, 38252174, 24318109, 24687296, 22481638]",17
Eutrema salsugineum,72664,[35837468],1
F. islandicum,2423,[33320434],1
Ferrovum myxofaciens,416213,[25371339],1
Fervidobacterium islandicum,2423,[33320434],1
Fragilaria sp,2041152,[33351707],1
G. sulphuraria,130081,[36363730],1
Galdieria,130081,[17022817],1
Galdieria,1389228,[36792488],1
Galdieria phlegrea,1389228,[36792488],1
Galdieria sulphuraria,130081,"[36363730, 17022817]",2
Gambusia,37269,[19826772],1
Gambusia eurystoma,37269,[19826772],1
Gambusia sexradiata,37287,[19826772],1
Geobacillus thermantarcticus,186116,[28593333],1
Geoglobus,565033,[30062607],1
Geoglobus acetivorans,565033,[30062607],1
H. lacusprofundi,2247,[33081237],1
H. pantelleriensis,48727,[23722502],1
Halanaerobium hydrogeniformans,656519,[22527048],1
Halanaerobium praevalens,2331,[22527048],1
Haloarcula marismortui,2238,[24150694],1
Haloarcula vallismortis,28442,[24150694],1
Halobacterium salinarum,2242,"[24150694, 23892291, 21109526]",3
Halobacterium sp. NRC-1,64091,[16542428],1
Halobacteriumsp. NRC-1,64091,[16542428],1
Haloferax denitrificans,35745,[24150694],1
Haloferax gibbonsii,35746,[24150694],1
Haloferax mediterranei,2252,[24150694],1
Haloferax volcanii,2246,"[33081237, 16896523]",2
Halomonas,1081866,[23722502],1
Halomonas,376427,[35716203],1
Halomonas,470784,[18825306],1
Halomonas elongata,2746,"[22907126, 24150694]",2
Halomonas gudaonensis,376427,[35716203],1
Halomonas sediminis,470784,[18825306],1
Halomonas socia,1081866,[23722502],1
Halomonas sp,1486246,[36846806],1
Halomonas sp.,1486246,[36846806],1
Halorubrum lacusprofundi,2247,[33081237],1
Halothermothrix orenii,31909,[22527048],1
KCTC 23671,1081866,[23722502],1
L. ferriphilum,178606,[18512002],1
LMG 29881,1915243,[38214280],1
Laminaria japonica,88149,[31353729],1
Leptolyngbya foveolarum,47253,[35196144],1
Leptospirillum ferriphilum,178606,[18512002],1
Leptospirillum ferrooxidans,180,[25371339],1
M. alcaliphilum,392018,[36260502],1
M. crystallinum,3544,[26745003],1
M. extorquens,408,[38150661],1
M. taiwanensis WR-220,1339250,[28680127],1
Meiothermus taiwanensis WR-220,1339250,[28680127],1
Methanococcus voltae,2188,[27822701],1
Methylobacterium extorquens AM1,272630,[38150661],1
Microcella alkaliphila,279828,[27240670],1
Mycoplasma capricolum,2095,[23658230],1
N. flagelliforme CCNUN1,2038116,[30623567],1
NY-011,1081866,[23722502],1
Natrinema sp. J7,406552,[16896523],1
Natrinema sp. J7-1,1172566,[29361162],1
Natronomonas pharaonis,2257,"[20543878, 18189118]",2
Nitzschia aurariae,1880613,[33351707],1
Oceanithermus profundus,187137,[38252174],1
P. aeruginosa,287,[15902510],1
P. majus,42107,[24511740],1
P. marina,88364,[28447265],1
P. mexicana,48701,"[32586956, 19826772, 16788733]",3
P. psychrophila,122355,[28681112],1
Pelagibacterium halotolerans B2,1082931,[22481638],1
Picrophilus,82076,[27094682],1
Picrophilus torridus,82076,[27094682],1
Planococcus halocryophilus,1005941,[31386567],1
Poecilia,80270,[19826772],1
Poecilia mexicana,48701,"[32586956, 19826772, 16788733, 26052634]",4
Poecilia sulphuraria,80270,[19826772],1
Prasium majus L,42107,[24511740],1
Pseudoalteromonas haloplanktis,228,[17310272],1
Pseudomonas,294,[31178851],1
Pseudomonas (63,697437,[31178851],1
Pseudomonas aeruginosa,287,[15902510],1
Pseudomonas fluorescens,294,[31178851],1
Pseudomonas sp. MPC6,2498848,[31178851],1
Psidium guajava L,120290,[29037684],1
Psychromonas marina,88364,"[28447265, 31595369]",2
Pyrococcus abyssi,29292,[24430467],1
Pyrococcus horikoshii,53953,[12013431],1
Pyrococcus yayanosii CH1,529709,[24430467],1
Pyrodictium abyssi,54256,[37843723],1
Pyrodictium occultum,2309,[37843723],1
Pyrolobus,54252,[10376671],1
Pyrolobus fumarii,54252,"[10376671, 37843723]",2
R. ruber,1830,[38214280],1
Rats,10116,[31353729],1
Rhodococcus,1829,[38214280],1
Rhodococcus aetherivorans,191292,[38214280],1
Rhodococcus electrodiphilus,1915243,[38214280],1
Rhodococcus rhodochrous,1829,[38214280],1
Rhodococcus ruber,1830,[38214280],1
Rhodococcus ruber (Kruse 1896) Goodfellow and Alderson 1977,1830,[38214280],1
Rhodococcus sp. JG3,1305835,[32833498],1
Rover,181464,[17600759],1
S. japonicus,13676,[30595992],1
S. portulacastrum,221166,[25821455],1
S. solfataricus,2287,"[33806142, 15456402, 9672679]",3
SCCA 048,1825603,[30341564],1
STIV,269145,[23520050],1
Saccharomyces cerevisiae,4932,[27822701],1
Salinibacter,146919,[12072957],1
Salinibacter ruber,146919,"[12072957, 37996679]",2
Salmonella typhimurium,90371,[24687296],1
Scomber japonicus,13676,[30595992],1
Sesuvium portulacastrum,221166,[25821455],1
Stauroneis kriegeri,431587,[33351707],1
Streptomyces lividans TK24,457428,[33515353],1
Sulfobacillus thermotolerans,338644,[18512002],1
Sulfolobus,273063,[28321616],1
Sulfolobus acidocaldarius,2285,[27822701],1
Sulfolobus solfataricus,2287,"[23296511, 12013431, 18568289]",3
Sulfolobus solfataricus P2,273057,[15456402],1
Sulfolobus sp,2288,[28321616],1
Sulfolobus tokodaii,111955,[19039518],1
Sulfolobus tokodaii s,273063,[28321616],1
Sulfolobus turreted icosahedral virus,269145,[23520050],1
T. aquaticus,271,[16896528],1
T. kodakarensis,311400,[23224520],1
T. litoralis DSM 5473,523849,[27438592],1
T. sediminis,392725,[38252174],1
Tepidimonas sediminis,2588941,[38252174],1
Thellungiella salsuginea,72664,[29761500],1
Thermococcus eurythermalis,1505907,[33013758],1
Thermococcus kodakarensis,311400,[23224520],1
Thermococcus kodakarensis KOD1,69014,[21409597],1
Thermococcus litoralis,2265,[12013431],1
Thermococcus litoralis DSM 5473,523849,[27438592],1
Thermococcus sp. CKU-1,93927,[24687296],1
Thermoplasma acidophilum,2303,[9672679],1
Thermus,276,[9676240],1
Thermus,300852,[36416985],1
Thermus aquaticus,271,[16896528],1
Thermus filiformis,276,[9676240],1
Thermus thermophilus,274,[16896528],1
Thermus thermophilus (HB8,300852,[22984263],1
Thermus thermophilus HB8,300852,[36416985],1
V. cholerae,666,[15902510],1
V. radiata,157791,[24477828],1
Vibrio cholerae,666,[15902510],1
Vigna radiata,157791,[24477828],1
Zunongwangia profunda,398743,[24318109],1
acidithiobacillus caldus,33059,[21687411],1
actinobacterium,1883427,[21308384],1
actinomycete,100235,[35871242],1
algae,569578,"[35010636, 25369810, 35831325, 36461636, 17022817]",5
alpha-Proteobacteria,28211,[19089530],1
alpine,111901,"[33391329, 36461636]",2
archaeal virus,451344,[27053548],1
bacterial viruses,12333,[23520050],1
beta-Proteobacteria,28216,[19089530],1
biota,131567,[35010636],1
bovine,9913,[12967265],1
chub mackerel,13676,[30595992],1
cyanobacterium Nostoc,1180,[30623567],1
dsDNA viruses,35237,[27112572],1
environmental,1275957,[30055054],1
environmental samples,1275957,[30055054],1
halophilic,29295,[16896523],1
halophilic archaeon,29295,[16542428],1
human,9606,"[35909612, 23640690, 26983646, 36676148, 35716203, 27470701]",6
humans,9606,"[33817931, 37996679]",2
marine bacterium,56765,"[29936543, 24318109, 22481638]",3
metagenome,256318,"[33602336, 34524897, 37996679]",3
metagenomes,408169,"[26494981, 37996679]",2
mice,10090,[30595992],1
rat,10116,[31353729],1
rats,10116,[31353729],1
rover,181464,[31592682],1
spelt,58933,[27240670],1
strain 1,2579975,[37843723],1
thermoactinomyces vulgaris,2026,[24318109],1
unclassified bacteria,2323,[19089530],1
uncultured,115547,[34524897],1
uncultured archaea,115547,[34524897],1
yeast,4932,"[33900423, 24150694, 36260502]",3
yeasts,4932,"[25369810, 33900423]",2
