PMID,PMCIDs,Genes,Sentences,Summary
31133675,6536532,Afar," The area is notable for being part of the Afar Depression, an incipient seafloor-spreading center located at the triple junction, between Nubian, Somali and Arabian plates, and for hosting environments at the very edge of natural physical-chemical extremities.; The area is located at the northern segment of the Afar triple junction and is characterized by an attenuated continental crust, which is less than 15 km thick with shallow (3–5 km deep) magma chambers beneath its axial zones6,7."," The Afar Depression is an incipient seafloor-spreading center located
at the triple junction, between Nubian, Somali and Arabian plates, and
for hosting environments at the very edge of natural physical-chemical
extremities ."
27822701,5222938,Alg7," AglH successfully replaced the endogenous GlcNAc-1-phosphotransferase activity of Alg7 in a conditional lethal Saccharomyces cerevisiae strain, in which the first step of the eukaryal protein N-glycosylation process was repressed.; Eukaryotic protein N-glycosylation is initiated by the GlcNAc-1-phosphate transferase Alg7/Dpagt1 (Lehrman 1991; Mclachlan and Krag 1992), which converts UDP-GlcNAc and DolP into UMP and DolPP-GlcNAc.; To verify the proposed enzymatic function of AglH we reasoned that aglH might be able to complement a conditional lethal yeast alg7 mutant, as has previously been demonstrated for the human Alg7 (Eckert et al. 1998) and the AglH of M. voltae (Shams-Eldin et al. 2008).; To identify the enzyme required for the first step of the protein N-glycosylation pathway in the thermoacidophilic crenarchaeon S. acidocaldarius, its genome was analysed for the presence of eukaryotic, bacterial, and archaeal homologues of the UDP-GlcNAc-1-phosphate:dolichyl phosphate GlcNAc-1-phosphotransferase Alg7/Dpagt1, WecA, and AglH, respectively.;  This search identified saci0093 (SACI_RS00435) encoding a predicted UDP-GlcNAc-1-phosphate:dolichyl phosphate GlcNAc-1-phosphotransferase, which shares 27% amino acid sequence identity with the yeast Alg7 and the human Dpagt1, 31% with AglH from the euryarchaeon M. voltae and 26% with WecA of E.coli.;  A similar topology was shown for the eukaryal Alg7 enzyme with ten predicted TM domains, while bacterial WecA typically exhibits ten to eleven TM domains (Anderson et al. 2000; Lehrer et al. 2007).;  Strains containing the plasmid carrying the human alg7 (positive control) (Eckert et al. 1998) or the aglH gene displayed sustained growth on glucose-containing plates, demonstrating the ability of the gene product to functionally replace the essential function of the yeast Alg7 enzyme (Fig. 5).;  To investigate the function of the C-terminal part of the enzyme, a stop codon was introduced at amino acid position 218 AglHΔ218-329.The insertion of a stop codon prevented the ability to functionally complement the Alg7 phenotype.;  We identified aglH (saci0093), coding for a UDP-GlcNAc-1-phosphate:dolichyl phosphate GlcNAc-1-phosphotransferase, which shows high similarities in the overall topology as well as in the amino acid sequence with the eukaryotic Alg7, bacterial WecA, and archaeal homologs (Fig. 3).;  The substitution of the highly conserved F220 located in the CL IV leads to a drastic reduction in the ability of the AglH to functionally replace Alg7 in yeast.;  Although little growth could be detected on glucose-containing plates (non-permissive), which is most likely in response to a small amount of Alg7 remaining from the pre-culture on SRG medium, a significantly reduced activity of the AglH F220A is obvious.;  Recently, Alg13/Alg14, which catalyses the second step in eukaryotic N-glycan biosynthesis, was found to interact with Alg7.;  Interestingly, besides AglK, a homolog of AglH/Alg7/Dpagt1 has been identified in M. voltae (Chaban et al. 2006).;  A complementation assay in yeast, as it was done in this study, revealed that this AglH is able to replace the function of the eukaryal Alg7, which transfers GlcNAc-1-P from UDP-GlcNAc to DolP, yielding DolPP-GlcNAc (Shams-Eldin et al. 2008)."," Eukaryotic protein N-glycosylation is initiated by the
GlcNAc-1-phosphate transferase Alg7/Dpagt1 (Lehrman 1991; Mclachlan
and"
30595992,6305115,CAT," Significantly (p < 0.05) higher superoxide dismutase (SOD) activity/protein expression and regulated catalase (CAT) activity/protein expression levels were observed in groups administered MMPH (100–500 mg kg−1), especially at a concentration of 100 mg kg−1.;  These results show that the abundant amino acids of S. japonicus play an important role in the cytosol of the liver cells by directly participating in the expression of xanthine oxidase and the detoxifying SOD and CAT proteins, thereby enhancing antioxidant ability and ultimately, inhibiting lipid peroxidation.;  Antioxidant activity is generally assessed by determining the scavenging activity of free radicals and ROS through in vitro and in vivo assays, which assess 1,1-diphenyl-2-picrylhydrazyl (DPPH)-radical scavenging activity, oxygen-radical absorbance capacity, 2,2′-azino-bis 3-ethylbenzothiazoline-6-sulfonic acid diammonium salt (ABTS)-radical scavenging activity, hydroxyl-radical scavenging activity, superoxide anion-radical scavenging activity, superoxide dismutase (SOD) expression, and catalase (CAT) enzyme expression (Bashir et al., 2018a).;  CAT enzyme activity was estimated according to the method of Atawodi (2011), with slight modifications.;  CAT enzyme activity was defined as the amount of enzyme needed to decompose 1 nM of hydrogen peroxide (H2O2) in one min, at 25 °C and pH 7.8.;  The decomposition rate of H2O2 in the presence of CAT was measured spectrophotometrically at 240 nm.;  Membranes were separately incubated overnight at 4 °C with SOD monoclonal antibody (Santa Cruz Biotechnology Inc., Santa Cruz, CA, USA) or CAT monoclonal antibody (Santa Cruz Biotechnology), diluted to 1:1,000 in 5% skim milk.;  SOD and CAT expression was detected using a West Save Gold western blot detection kit (Abfrontier, Seoul, Rep. of Korea) and band intensity was measured using a Chemi-Doc XRS system (Bio-Rad).; (A) SOD and (B) CAT protein levels; (C) SOD and CAT protein expression measured by western blotValues are expressed as mean  ± S.E. for groups of eight animals; N: normal; C: control; P: positive control; M100, M250, and M500: mackerel muscle protein hydrolysate at concentrations of 100, 250, and 500 mg kg−1, respectively.Protein extracts were separated on 12% SDS-polyacrylamide gels and after transfer to polyvinylidene fluoride membranes, proteins were detected with monoclonal SOD and CAT antibodies (Santa Cruz Biotechnology) and subsequently, visualized with a goat anti-mouse IgG (H+L) HRP-conjugated secondary antibody (Thermo Fisher Scientific).;  SOD and CAT expression were detected using a West Save Gold western blot detection kit (Abfrontier), and band intensity was measured using a Chemi-Doc XRS system (Bio-Rad).; CAT activity in group C (1.000 ± 0.214 U mL−1) fed the Lieber-DeCarli ethanol diet for 6 weeks was significantly (p < 0.001) lower than that of group N (1.745 ±0.599 U mL−1).;  However, oral administration of MMPH, especially at a dose of 100 mg kg−1, increased CAT activity to the level of group P (Fig. 5B).;  CAT activities of 1.165 ± 0.239, 0.674 ± 0.149, and 1.052 ± 0.422 U mL−1, were observed in the M100, M250, and M500 groups, respectively.;  Western blot results showed higher SOD protein expression and relatively sufficient CAT protein expression levels in groups administered MMPH (Fig. 5C), as compared to the controls.;  H2O2 is then converted to water by CAT or glutathione peroxide-mediated glutathione and is released from the body (Lubos, Loscalzo & Handy, 2011).;  CAT, an enzyme of the active oxygen reduction system, like SOD, is also reported to decrease its activity in animals with chronic ethanol consumption (Reddy et al., 2014).;  In the present study, significantly (p < 0.001) reduced SOD and CAT activities were observed in the ethanol-fed group, compared with the intact control group.;  However, the oral administration of MMPH resulted in significantly (p < 0.001) higher SOD activity and CAT activity regulated to the level of the silymarin-treated group.;  Interestingly, higher SOD expression and relatively controlled CAT protein expression levels were seen in all groups administered MMPH.;  Kumar, Nazeer & Jaiganesh (2012) and Liu et al. (2015) also reported higher SOD and CAT activities in protein hydrolysates and peptides isolated from different marine animals.;  This indicates that the abundant amino acids present in MMPH acted in the cytosol of liver cells and enhanced antioxidant activity by directly participating in the expression of XO and the detoxifying proteins, SOD and CAT.",
35327618,8946055,Group 1,"Group 1 (Dur-19, PF00477, LEA_5) Late Embryogenesis Abundant (LEA) proteins are present in organisms from all three domains of life, Archaea, Bacteria, and Eukarya.;  These LEA proteins are from Group 1 (PF00477) and Group 6 (PF04927) and are also only expressed in the anhydrobiotic encysted embryos [5,8,9,10]. Compared to other anhydrobiotic animals, the reasons for the more extensive LEA repertoire in Artemia are still unresolved.;  However, despite a uniquely broad range of expressed LEA proteins, the knockdown of Group 1 LEA proteins by RNAi reduced the cyst desiccation tolerance by over 90% [11]. Therefore, expressed proteins from other groups do not readily substitute the anhydrobiotic functions performed by Group 1 LEA proteins in A. franciscana.; A minimum of five similar Group 1 LEA proteins are concurrently expressed in A. franciscana and localize to the cytosol and the mitochondrion [10,11,12,13]. These proteins contain 2 to 8 repeats of a Group 1 amino acid motif (GGOTRREQLGEEGYSQMGRK) and, based on the EST data available at the National Center for Biotechnology Information (NCBI), are composed of 62 to 217 amino acids [10]. The observation of Group 1 LEA proteins being present in both the cytosol and the mitochondria may offer insight into their role(s) in desiccation tolerance.;  The observed variations in length may indicate that the number of repeating Group 1 motifs is not critical to the protein’s overall function.;  Alternatively, the number of repeats may regulate the behavior of a specific Group 1 protein during desiccation.;  Increased numbers of Group 1 motifs in each polypeptide could increase the odds of protein folding during water removal or increase the number of binding sites for desiccation-sensitive targets.; Despite over a decade of study focused on Group 1 LEA proteins in Artemia, little is known about their functional mechanism(s) of protection.;  In this system, the protein led to modest improvements in osmotic stress tolerance and conferred some protection to mitochondrial functions during freezing [12]. As with other LEA proteins, determining the mechanism by which Group 1 LEA proteins confer desiccation tolerance and identifying their desiccation-sensitive targets is more straightforward using in vitro techniques than transgenic animals [18]. However, the unique challenge of performing biochemistry at low water contents or in the desiccated state has led to limited progress on all fronts.; The sequence of AfLEA1 is highly repetitive and is mainly composed of the eight repeats of the Group 1 consensus sequence ‘GGOTRREQLGEEGYSQMGRK’ [33,34] (Figure 4A).;  AfLEA1’s propensity for α-helices is predicted by the regular appearance of alanine-arginine-alanine “helix cap” motifs found at the ends of the repeating Group 1 LEA motif [35,36,37]. Given the amount of predicted α-helical structure, an α-helical protein projection is informative.; Amino acid sequence features of AfLEA1 where the amino acid properties are labeled by colors representing aromatic (green), polar (yellow), nonpolar (grey), positive (blue), and negative (red) amino acid side chains. (A) The amino acid sequence of AfLEA1 is highly repetitive and consists of eight Group 1 LEA domains. (B) Projected as an α-helix, AfLEA1 has a distinct hydrophobic face of nonpolar amino acids (gray) but does not have distinctly organized stripes of charged amino acid as described for some Group 3 LEA proteins.;  The α-helices predicted by I-Tasser appear to be organized into a sizeable helical bundle composed of four helix-turn-helix structures, with each helix formed by a single Group 1 LEA consensus sequence and a short spacer containing a histidine residue (Figure 5A).;  The tertiary structure of AfLEA1 is predicted to resemble a synthetic helical repeat protein (RCSB PDB ID: 5CWH) composed of helix-turn-helix structures, where each helix-turn-helix is a single Group 1 LEA motif. (B) The distribution of charged amino acids stabilizes the exterior of the AfLEA1.; AfLEA1 and its protein variants in the animal extremophile A. franciscana are the only known Group 1 LEA proteins in this kingdom of life.;  We speculate that this will be similar for LEA proteins from Group 1 found in other organisms.;  Based on these findings, we speculate Group 1 LEA proteins such as AfLEA1 may offer multiple modes of protection against desiccation-induced damage at different cellular hydration levels to various classes of biomolecules.; The reason(s) for multiple Group 1 LEA proteins that virtually only differ in their number of Group 1 repeats in A. franciscana is intriguing and requires further investigation.;  Similar Group 1 LEA proteins with different molecular mobilities may be advantageous during desiccation.;  Larger Group 1 LEA proteins may rapidly increase the viscosity of the cellular compartments at high water contents, thereby preventing protein aggregation and membrane collapse.;  In contrast, smaller Group 1 LEA proteins have higher mobility and can more readily interact with targets in this highly dense environment.;  We suspect the observed LLPS of AfLEA1 in the presence of RNA is a feature of other LEA proteins from Group 1, strengthening the notion that this recently observed phenomenon could be a common protective mechanism in the toolbox of anhydrobiotic organisms.",
24790757,3982409,beta -galactosidase,," CNN.com will feature iReporter photos in a weekly Travel Snapshots
gallery . Please submit your best shots of our featured destinations
for next week . Visit CNN iReport.com/Travel next Wednesday for a new
gallery of snapshots ."
17022817,1626084,calmodulin," Population genetic analyses of a partial calmodulin gene fragment suggest a recent establishment or recurrent gene flow between populations in Tuscany, whereas the highly structured Galdieria-B population in Naples likely originated from 2–3 founder events.;  We find evidence of several recombination events across the calmodulin gene, potentially indicating the presence of sexual reproduction in the Tuscany populations.;  Using the ribulose 6-phosphate carboxylase oxygenase (rbcL) coding region as a marker, we determined species composition at these sites and compared these data to a typical endolithic population that was previously described from Pisciarelli (PBen site, Fig. ​Fig.1B)1B) [6]. In addition, we determined a partial sequence of the calmodulin (CaM) gene that includes 2 or 3 spliceosomal introns from multiple individuals to address Cyanidiales population structure.; Column headings: The taxon and site names and GenBank accession numbers for the rbcL and calmodulin genes that were isolated in this study are shown.;  A partial fragment of the calmodulin gene (CaM) that occurs in single copy and contains 2–3 introns was used for this purpose."," Population genetic analyses of a partial calmodulin gene fragment
suggest a recent establishment or recurrent gene flow between
populations in Tuscany . The highly structured Galdieria-B population
in Naples likely originated from 2–3 founder events ."
35327618,8946055,group 1," Surprisingly, Artemia is the only genus known to include animals that express group 1 LEA proteins in their desiccation-tolerant life-history stages.;  Bioinformatics analysis of circular dichroism data indicates that the group 1 LEA protein AfLEA1 is surprisingly ordered in the hydrated state and undergoes during desiccation one of the most pronounced disorder-to-order transitions described for LEA proteins from A. franciscana."," Artemia is the only genus known to include animals that express group
1 LEA proteins in their desiccation-tolerant life-history stages .
AfLEA1 is surprisingly ordered in the hydrated state and undergoes
during"
33203689,7677001,hmp," In the genomes of Acidiphilium, we found an abundant repertoire of horizontally transferred genes (HTGs) contributing to environmental adaption and metabolic expansion, including genes conferring photosynthesis (puf, puh), CO2 assimilation (rbc), capacity for methane metabolism (mmo, mdh, frm), nitrogen source utilization (nar, cyn, hmp), sulfur compound utilization (sox, psr, sqr), and multiple metal and osmotic stress resistance capacities (czc, cop, ect)."," In the genomes of Acidiphilium, we found an abundant repertoire of
horizontally transferred genes (HTGs) contributing to environmental
adaption and metabolic expansion . These genes include genes
conferring photosynthesis, CO2 assimilation, CO"
30595992,6305115,xanthine oxidase," A significant (p < 0.05) reduction in xanthine oxidase activity was observed in all groups treated with MMPH (100–500 mg kg−1), as compared with the control group.;  These results show that the abundant amino acids of S. japonicus play an important role in the cytosol of the liver cells by directly participating in the expression of xanthine oxidase and the detoxifying SOD and CAT proteins, thereby enhancing antioxidant ability and ultimately, inhibiting lipid peroxidation.; Aldehyde oxidase (AO) and xanthine oxidase (XO) activities of liver tissues were measured using a mouse aldehyde oxidase ELIZA kit and a mouse xanthine oxidase ELIZA kit (Mybiosource Inc., San Diego, CA, USA), according to the manufacturer’s instructions.;  SOD activity in this assay is based on the xanthine-xanthine oxidase system generating a superoxide flux, with superoxide production being detected using nitroblue tetrazolium (NBT).; (A) aldehyde oxidase and (B) xanthine oxidase activityValues are expressed as mean ± S.E. for groups of eight animals; N: normal; C: control; P: positive control; M100, M250, and M500: mackerel muscle protein hydrolysate at concentrations of 100, 250, and 500 mg kg−1, respectively. n.s: not significant; ∗p < 0.05 vs. control, †p < 0.001 vs. control p: p value of ANOVA and significance between control and test groups using Fisher’s PLSD post hoc test."," A significant (p < 0.05) reduction in xanthine oxidase activity was
observed in all groups treated with MMPH (100–500 mg kg−1), as
compared with the control group . These results"
