Gene ,Protein ,Description ,Link,Publication Link
sod,Superoxide dismutase enzyme,"Deinococcus radiophilus SOD, Mn/FeSOD, purified 1,920-fold, specific activity ~31,300 U mg(-1), homodimeric, thermostable up to 40�C.",https://pubmed.ncbi.nlm.nih.gov/15106001/,10.1007/s00792-004-0383-6
hsp70,Heat shock protein 70,"CiHsp70, a heat shock protein in Antarctic ice algae, aids acclimatization to stress through mRNA expression modulation under various conditions.",https://pubmed.ncbi.nlm.nih.gov/20373120/,10.1007/s00792-010-0313-8
dnaK,DnaK chaperone,"Overexpressing DnaK from Deinococcus wulumuqiensis R12 in Clostridium acetobutylicum enhances stress tolerance and butanol production, improving robustness.",https://pubmed.ncbi.nlm.nih.gov/28450259/,10.1016/j.jbiotec.2017.04.031
ccpA,Catabolite control protein A,"CcpA deletion affects L. plantarum growth under salt stress, regulating gene expression related to GB uptake, iron uptake, and lipid homeostasis.",,https://doi.org/10.1007/s00253-021-11276-0
gltP,Glutamate transporter GltP,"Prokaryotic cells employ diverse transporters for nutrient adaptation. Prokaryotic models offer insights into transporter structures and functions, aiding drug development and understanding virulence.",https://link.springer.com/article/10.1007/s00232-006-0880-x,https://doi.org/10.1007/s00232-006-0880-x
