Chemicals_ID,Name,length,PMID
MESH:C107241,pyrophosphate,1,30381012
MESH:D013440,sulfide,1,35010636
-,AMPs,1,31470685
MESH:D000255,ATP,3,"31273417, 26090360, 36116279"
MESH:D008670,metal,5,"14499932, 25369810, 25371339, 30077857, 19089530"
MESH:D008055,lipids,2,"34219740, 30341564"
MESH:D012492,salt,12,"8688447, 19878320, 20662374, 11589226, 31592682, 31734848, 12072957, 15902510, 22907126, 24915287, 20543878, 23722502"
MESH:D011108,polymers,1,30129781
MESH:D017279,selenocysteine,2,"23015064, 33806142"
MESH:D020404,glycerophospholipids,1,35976526
MESH:D010743,phospholipids,1,28007654
MESH:D013457,sulfur compounds,1,26474966
MESH:D002245,CO2,1,29696439
MESH:D004220,disulfide,1,33352933
MESH:C055415,NASA,1,37087175
MESH:D017382,reactive oxygen species,1,33900423
MESH:D012965,Saline,1,35837468
MESH:D007501,iron,2,"27337207, 21109526"
MESH:D005998,Gly,1,31884159
MESH:D010100,oxygen,2,"33602336, 19333686"
MESH:D014867,Water,1,10376671
MESH:D008055,Lipid,1,31112043
MESH:D013213,starch,1,29223022
MESH:D014867,water,3,"25370528, 9783179, 32449144"
MESH:D011189,KCl,1,22527048
MESH:D009584,nitrogen,3,"33677634, 33203689, 24687296"
-,hopanoid,1,35242113
MESH:D002244,Carbon,1,33112645
MESH:D000241,adenosine,1,23658230
MESH:D006862,hydrogen sulfide,5,"32586956, 19826772, 16788733, 27334284, 26052634"
MESH:D006862,hydrogen sulphide,2,"24188245, 29077740"
MESH:D012965,NaCl,5,"33013758, 37843723, 17310272, 35716203, 18825306"
MESH:D014364,tryptophan,1,19285004
MESH:D012492,Salt,1,33081237
MESH:D007854,Pb,1,18512002
MESH:D011868,radionuclides,1,34265519
MESH:D008055,lipid,3,"14663068, 28593333, 29761500"
MESH:D002133,calcium sulfate,1,23640690
-,Dallol,1,31133675
-,6His,1,33515353
MESH:D005063,europium,1,36363730
MESH:D011122,Polyphosphate,1,33452031
MESH:D012965,saline,2,"34402982, 31538256"
-,tertiary sulphonium,1,25564467
MESH:D013455,Sulfur,1,21687411
MESH:D013455,sulfur,4,"21308384, 33416983, 33320434, 19730970"
MESH:C002502,"2,2'-azino-bis (3-ethylbenzothiazoline-6-sulfonic acid)",1,36846806
MESH:C013082,alpha-ketoisocaproate,1,22984263
MESH:D009171,mycolic acid,1,26983646
-,acid-sulfate,1,29688767
MESH:C009338,succinic semialdehyde,1,23296511
-,BG11 medium,1,30623567
MESH:C017616,Phenolic,1,36676148
MESH:C494474,Perchlorate,2,"24150694, 35196144"
MESH:D003300,copper,1,34524897
MESH:C016547,magnesium perchlorate,1,32833498
MESH:D012965,sodium chloride,1,38214280
MESH:D010100,Oxygen,1,26324712
-,cis-unsaturated and branched lipids,1,17160345
MESH:C016118,SSBs,1,16896528
-,B1308,1,35871242
MESH:D010710,phosphate,1,37371877
MESH:D002266,carboxymethylcellulose,1,15456402
MESH:D002338,carotenoid,1,33391329
-,TrmB,1,23892291
-,Protamex,1,30595992
MESH:D002712,Chloride,1,31386567
MESH:D005231,polyunsaturated fatty acids,1,36461636
MESH:C492331,jarosite,1,17600759
-,L: -lactate,1,19039518
MESH:D012967,sodium dodecyl sulfate,1,9676240
MESH:D010126,ozone,1,25954258
MESH:D000069285,Ca2+,1,29936543
MESH:D010710,orthophosphate,1,24477828
MESH:D000577,amides,1,24430467
-,Fe2+,1,29476252
-,KU216,1,23224520
-,Iron Stromatolites,1,33351707
MESH:D054813,Polyhydroxyalkanoates,1,31178851
-,Leu735,1,31595369
MESH:D019343,citrate,1,26745003
-,AglH,1,27822701
MESH:D000537,bauxite,1,35661272
MESH:D005231,unsaturated fatty acids,1,28681112
MESH:D011732,pyridoxal 5'-phosphate,1,27438592
MESH:D011441,PTU,1,31353729
-,propeptide,1,16896523
MESH:D003545,cysteine,1,12013431
-,Acid Saline,1,34248867
MESH:D014990,xylan,1,18568289
MESH:D006859,hydrogen,1,36260502
MESH:D019344,L-lactate,1,36416985
-,ROS,1,29037684
-,beta -D-galactose,1,24790757
MESH:C002963,geranylgeranyl pyrophosphate,1,30062607
MESH:D001224,aspartate,1,27094682
MESH:D000432,methanol,1,38150661
MESH:D002244,carbon,1,17022817
MESH:D012967,SDS,2,"27240670, 24318109"
MESH:D000645,ammonium sulfate,1,15106001
MESH:D000431,ethanol,1,18189118
-,D-glyceraldehyde 3-phosphate,1,21409597
MESH:D055666,lipopeptides,1,12486459
-,#NAME?,1,24511740
MESH:D012822,silica,1,24659146
MESH:D013885,thiosulfate,1,30219948
MESH:D007532,Ile,1,17576517
MESH:D002104,Cd,1,25821455
MESH:C011080,polyglycine,1,12967265
-,Ni-NTA,1,22481638
