Gene_ID,Gene_Name,length,PMID
5657842,Group 1,1,35327618
6395,sea,1,23640690
8574,Afar,1,31133675
10989,hmp,1,33203689
24889303,glyceraldehyde-3-phosphate dehydrogenase,1,23296511
22436,xanthine oxidase,1,30595992
852545,Alg7,1,27822701
16548744,aspartate racemase,1,27438592
25721,aspartate aminotransferase,1,31353729
100129193,MUP,1,37996679
4856,nov,1,35716203
25405226,endoglucanase,1,18568289
3169567,TTHB078,1,36416985
2720,beta -galactosidase,1,24790757
24797917,GACE1337,1,30062607
17087466,calmodulin,1,17022817
3234767,glyceraldehyde-3-phosphate dehydrogenase,1,21409597
24866988,citrate synthase,1,9672679
2720,beta-galactosidase,1,30219948
