"Chemicals","ChemicalsID","PMID","PMCID","Sentences"
"Acidithiobacillia acidophilic","D000239",35242113,8886135," Genes and mechanisms denominated as “first line of defense” were key to explaining the Acidithiobacillia acidophilic lifestyle including preventing proton influx that allows the cell to maintain a near-neutral cytoplasmic pH and differ from the neutrophilic Acidithiobacillia ancestors that lacked these systems."
"Afar Depression","D000275",31133675,6536532," The area is notable for being part of the Afar Depression, an incipient seafloor-spreading center located at the triple junction, between Nubian, Somali and Arabian plates, and for hosting environments at the very edge of natural physical-chemical extremities."
"Alkaliphilic bacteria","C537702",26090360,4453477,"Alkaliphilic bacteria typically grow well at pH 9, with the most extremophilic strains growing up to pH values as high as pH 12–13.;  Alkaliphilic bacteria are an important source of useful, stable enzymes and novel chemicals, including antimicrobials (Joshi et al., 2008; Fujinami and Fujisawa, 2010; Horikoshi, 2011; Sarethy et al., 2011; Ibrahim et al., 2012).;  Alkaliphilic bacteria such as B. pseudofirmus OF4 and thermoalkaliphilic C. thermarum TA2.A1 both have 13-subunits, near the upper end of the observed range (Meier et al., 2007; Matthies et al., 2009; Preiss et al., 2010).; Alkaliphilic bacteria contribute substantially to numerous technologies, some traditional and others at the cutting edge of new applications of alkaliphile products or their cellular capacities for decontamination of specific commercial settings."
"Antarctic Psychrotolerant Strain","D013180",31178851,6543543,""
"C5-carbon","C537005",31178851,6543543," In addition, it can use both C6- and C5-carbon sugars like xylose and arabinose as carbon substrates, an uncommon feature for bacteria of this genus."
"Cold","D000067390",33081237,7602713," The high stability of enzymes towards salt entails tolerance to low water activity, such as prevailing in mixtures of aqueous and organic or non-aqueous media and low temperatures can save energy and eliminate microbial contamination [14]. These characteristics increase the enzymes’ potential as industrial biocatalysts because organic solvents are often used to improve the solubility of hydrophobic substrates, alter the hydrolytic as well as the kinetic equilibrium and therefore have the potential to increase the yield and specificity of the product [15]. Cold-active enzymes have numerous applications in food processing, as a detergent additive, biotransformation and bioremediation in cold climates and low-energy wastewater treatment [9,10,21,22,23,24].;  High surrounding salt concentrations cause exo-osmosis, pulling out cytoplasmic water, and dehydrating the cell [14,25]. Cold temperatures critically affect the hydration sphere of a protein and restrict its conformational mobility required for efficient catalysis [22,26]. Hence, the adaptation of enzymes to both cold and salinity has attracted much interest."
"Cold","D000067390",32833498,7116095,""
"Cold","D000067390",24790757,3982409," Cold active β-galactosidase has a strong preference towards tiny and small amino acids, whereas high temperature inhabitants had higher content of basic and aromatic amino acids.;  This enzyme is known to catalyze both hydrolytic cleavage of β (1–4) linkage of lactose to glucose and galactose [4] and transglycosylation reactions, that is, transfer the galactose formed from lactose cleavage onto the galactose moiety of another lactose to yield galactooligosaccharides [5, 6]. This enzyme is present in psychrophiles [4, 7], mesophiles [8], thermophiles [9, 10], and hyperthermophiles [11, 12]. Cold active β-galactosidases present in cold-adapted organisms thriving in earth's polar regions and other areas, where the mean annual temperature is below 5°C, and thermoactive and thermostable counterpart occurs in microbes inhabiting thermal springs. β-Galactosidases from extremophiles are of much interest because of their suitability in various industrial processes.;  Cold active β-galactosidase that hydrolyzes lactose is of high biotechnological interest, particularly for removal of lactose in milk and dairy products at low temperatures and ethanol production from wheat.;  Cold active enzymes display a high catalytic efficiency and compromised thermal stability."
"Cross-Stress","D000079225",33013758,7511516,""
"Depression","D000275",31133675,6536532,"The Dallol geothermal area in the northern part of the Danakil Depression (up to 124–155 meter below sea level) is deemed one of the most extreme environments on Earth.;  The area is notable for being part of the Afar Depression, an incipient seafloor-spreading center located at the triple junction, between Nubian, Somali and Arabian plates, and for hosting environments at the very edge of natural physical-chemical extremities.;  The northern part of the Danakil Depression is dominated by the Assale salt plain (an accumulation of marine evaporite deposits) and hosts the Dallol volcano.; The Dallol geothermal area (14°14′21″N; 40°17′55″E) is located in the northern part of the Danakil Depression5.; Study area. (a) Location map of the Dallol geothermal area (red dot) in the Danakil Depression (map data © 2018 Google). (b) Panoramic view of the sampling sites (D9: central small chimney and D10: water from the blue pool at the bottom of the chimney)."
"HD","D006816",37371877,10295645," In previous research, DosH was identified as a G3LEA protein from model extremophile—Deinococcus radiodurans R1 with a crucial core HD domain consisting of eight 11-mer motifs.;  In this way, the role of each motif in the HD domain can be comprehensively analyzed, which can help in finding possibly crucial amino acid sites.; There is a key region in DosH, named HD (Hydrophilic Domain) [10,11]. HD contained the same proportion of helical structure after structural transitions compared with other HDs of G3LEA, but E. coli, expressing the HD protein (8 motifs), had a higher survival rate than those expressing the CeHD (from Caenorhabditis elegans, 24 motifs) and YlHD (Yarrowia lipolytica, 27 motifs) under both desiccation and oxidation conditions.;  Additionally, MST (Microscale Thermophoresis) results illustrated that the HD/LDH (Lactate dehydrogenase) pair displayed the strongest interaction.;  The results of LDH aggregation inhibition and protection indicated that HD was capable of exhibiting stronger enzyme activity protection [10], showing that HD acted in a chaperon-like manner.;  Based on these results, the HD showed promise as an ideal stress-response element in synthetic biology [10]. HD was composed of eight 11-mer motifs, which is in accordance with the typical characteristic of G3LEA.; This strategy showed us, on one hand, whether the sequences characterized by specific rule 11-mer amino acids might have similar functions and if there are more amino acids contributing to binding substrates or α-helix formation, which will be changed in function, and on the other hand, whether we could synthesize a series of proteins made of eight tandem repeats of same 11-mer motifs of HD in order, respectively.; The protein DosH from Deinococcus radiodurans R1 contains 298 amino acids and is divided into three regions: the DS domain (position from 1 to 103), hydrophilic domain (HD) (position from 104 to 263) and C–terminal (position from 264 to 298).;  The HD domain contains eight conserved but different motifs.;  The “KDK” conserved sequence exists in most HD motifs, but it does not seem to follow this rule completely in Motif1 and Motif8.; Previous studies have shown that G3LEA proteins were disordered under natural conditions, and would transform into ordered structures under drying, glycerol and/or SDS conditions [10,17,18,19]. Similarly, the HD was disordered under phosphate buffer and transformed into an ordered structure under 50% glycerol and 50% TFE [10,11]. Therefore, we speculate that eight proteins with tandem repeating motifs also possess natural disordered structures.; Interestingly, the UV absorption of HD protein had a negative peak at 198 nm and a small, wide peak around 220 nm, which was different from those of artificial proteins (Motif1–8) forming their maximum peak at approximately 192 nm and minimum peaks at 208 and 222 nm, indicating that these artificial proteins were ordered under phosphate buffer (Figure 2A).;  The stacked bar graphs in the right half of Figure 2 showed that the α-helix content of proteins became greater than previously with the addition of 50% TFE (as a well-known α-helix inducer in general) or 50% glycerol (generally used to mimic waterloss conditions) (Supplementary Table S2) [20,21,22,23,24], implying that, the HD protein had undergone steric modification with the process of changing from a disordered to ordered structure.; Changes in far-ultraviolet (UV) circular dichroism (CD) spectra of HD and eight artificial proteins.; The nine E. coli transformants of overexpressed genes (HD, Motif1, Motif2, Motif3, Motif4, Motif5, Motif6, Motif7 and Motif8) under different abiotic stresses containing H2O2 (10 mM for 15 min), desiccation (for 20 days), NaCl (0.8 M for 48 h) and freeze–thawing (20 min, 3 times), were placed onto LB agar medium.;  Similarly, the survival rate of nine transformants was as follows: BL21–HD > BL21–Motif8 ≈ BL21–Motif1 > BL21–Motif7 > BL21–Motif5 > BL21–Motif6 > BL21–Motif3 > BL21–Motif4 > BL21–Motif2 under desiccation, NaCl and freeze–thawing stresses, which seemingly conformed to the same trend in oxidation (Figure 3).;  BL21–pET, recombinant strain carried an empty pET28a vector, BL21–HD, recombinant strain expressing HD protein, BL21–Motif1, recombinant strain expressing Motif1 protein, BL21–Motif2, recombinant strain expressing Motif2 protein, BL21–Motif3, recombinant strain expressing Motif3 protein, BL21–Motif4, recombinant strain expressing Motif4 protein, BL21–Motif5, recombinant strain expressing Motif5 protein, BL21–Motif6, recombinant strain expressing Motif6 protein, BL21–Motif7, recombinant strain expressing Motif7 protein, BL21–Motif8, recombinant strain expressing Motif8 protein.; In previous reports, it was mentioned that the HD could perform stabilizing enzyme activities with chaperone-like functions on LDH under oxidation and desiccation conditions in vitro [10]. Therefore, the enzyme activity with HD was used as a control.;  Therefore, one of the leading hypotheses is that motif1 and motif8 play primary roles in the HD.; It has been reported that the repeated region comprising 11-mer motifs, named HD, is the key functional part of G3LEA proteins [18,41], and the different number of motifs characterized different G3LEA proteins [10,42]. To further determine the function of motifs, many researchers have progressively conducted research by synthetic biology methods.;  However, the HD protein exhibited a random coil in the phosphate buffer, which may be due to anti-cooperative behaviors, such as charge repulsion [44], steric effects [45] or hydrogen bond occupancy within α-helices [46] between different motifs.;  However, the survival capability of strains expressing Motif1 and Motif8 was not as good as that of the strain with HD protein.;  We speculate that HD protein contains eight different 11-mer motifs indicating that it contained relatively intact structure compared to original DosH and more amino acids (11 amino acids) at the C-terminal which includes α-helix formation and contributes to substrate binding amino acids.; In previous research, there were many results confirming that the HD directly interact with LDH to protect its activity under stresses termed as a molecular shield or with chaperone-like activity [10,47]. Apparently, all eight artificial proteins reduced stress-induced enzyme inactivation to some extent.;  Thus, it is entirely acceptable that artificial proteins derived from HD protein have similar protective functions.;  In addition, Guo et al. proved that HD protein could decrease the content of MDA by 1.5 M NaCl for 4 h [11]. Additionally, in this study, HD protein still played the same role under oxidative stress (Table 2).; E. coli recombinant strains (BL21–pET, BL21–HD, BL21–Motif1, BL21–Motif2, BL21–Motif3, BL21–Motif4, BL21–Motif5, BL21–Motif6, BL21–Motif7, BL21–Motif8) were cultured in LB with appropriate antibiotics to OD600 ≈ 0.6 at 37 °C and were induced with IPTG at a final optimal concentration of 0.1 mM for 2 h."
"LLPS behaviors","D001523",35327618,8946055," These findings provide additional evidence for the hypothesis that the formation of biomolecular condensates to promote water stress tolerance during anhydrobiosis may be a shared feature across several groups of LEA proteins that display LLPS behaviors."
"Stress","D000079225",33452031,8091604,""
"Stress","D000079225",35196144,9233533,""
"Stress","D000079225",36676148,9865073,""
"Stress","D000079225",31386567,6818489,""
"Sulfur-Oxidizing Acidithiobacillus","C564972",31146680,6543593,""
"abiotic stresses","D000079225",35837468,9274170,"Salt cress (Eutrema salsugineum), an Arabidopsis-related halophyte, can naturally adapt to various harsh climates and soil conditions; thus, it is considered a desirable model plant for deciphering mechanisms of salt and other abiotic stresses.;  As we know, the enormous value will come from a better understanding of the mechanisms through which plant tolerance of abiotic stresses is achieved (Zhao et al., 2020).;  On the other hand, ROS as universal signaling metabolites has been perceived to regulate plant growth and development, as well as defense against biotic and abiotic stresses (Foyer et al., 2017; Czarnocka and Karpiński, 2018; Fichman and Mittler, 2020).; Accumulation of osmoprotectants is one of the defense mechanisms for plants to cope with abiotic stresses (Rajalakshmi and Parida, 2012; Zhao et al., 2020).; The exposure of plants to abiotic stresses challenges the plant water status and triggers highly specific hydraulic responses.;  Plant AQP genes respond to diverse abiotic stresses such as salinity and drought (Alexandersson et al., 2005; Guo et al., 2006), and play important functions in the responses to environmental stimuli (Maurel et al., 2008; Aroca et al., 2012; Wang et al., 2014)."
"acidophilic Acidithiobacillia","D000239",35242113,8886135," Additional differences between the neutrophilic and acidophilic Acidithiobacillia included the higher number of gene copies in the acidophilic genera coding for “second line of defense” systems that neutralize and/or expel protons from cell."
"acidophilic genera Fervidacidithiobacillus","D000239",35242113,8886135," The Acidithiobacillia class is formed by the neutrophilic genus Thermithiobacillus along with the extremely acidophilic genera Fervidacidithiobacillus, Igneacidithiobacillus, Ambacidithiobacillus, and Acidithiobacillus.;  This study investigates the genes present in the Acidithiobacillia class by phylogenomic and comparative genomic analyses deepening our understanding of how the acidophilic genera Fervidacidithiobacillus, Igneacidithiobacillus, Ambacidithiobacillus, and Acidithiobacillus obtained genes coding for pH homeostasis that allows them to survive at extremely low pH values of ≤3."
"alkaliphilic bacteria","C537702",26090360,4453477," Each of these facets of alkaliphilic bacteria will be discussed with a focus on extremely alkaliphilic Bacillus strains.;  These alkaliphilic bacteria have provided a cogent experimental system to probe adaptations that enable their growth and oxidative phosphorylation at high pH.;  Professor Koki Horikoshi, who has played a major role in developing interest in alkaliphilic bacteria and their capabilities, noted that only 16 papers on alkaliphilic bacteria had been published when he began his extensive studies of them in 1968 (Horikoshi, 1999).;  Interestingly, highly alkaliphilic bacteria, including some obligate alkaliphiles, have also been isolated from garden soils or other non-extremophilic settings.;  Alkaliphile enzymes from aerobic and anaerobic alkaliphilic bacteria tend, as expected, to have activity profiles that included higher pH values than displayed by mesophile enzymes.;  Another example involving participation of alkaliphilic bacterial cells in a reduction process is the Fe(III)-reducing bacterium “Alkaliphilus metalliredigens QYMF” which could have useful applications to metal-contaminated alkaline environments (Ye et al., 2004; Roh et al., 2007).;  However, findings that indicate early presence of alkaliphilic bacteria are emerging from studies of specific serpentinizing ecosystems, and will be described.; The central challenge for extremely alkaliphilic bacteria is the maintenance of a cytoplasmic pH that is significantly lower than the highly alkaline external milieu in which they grow.;  In addition to one or more Mrp cation/proton antiporters, alkaliphilic bacteria generally have a robust cohort of additional antiporters encoded by single genes (Takami et al., 2000; Janto et al., 2011).;  A different deviation from the non-alkaliphilic bacteria TMH1 motif, is the GxSxGVS sequence found in the poly-extremophilic, thermo-alkaliphilic C. thermarum TA2.A1, as highlighted in brown."
"bacterial glycerophospholipids","D016920",35976526,9385802," In contrast, bacterial glycerophospholipids are composed of fatty acyl chains ester-bonded to glycerol-3-phosphate."
"beta-Galactosidases Primary","D016537",24790757,3982409,""
"cold shock","D012769",33806142,8037382," We found that only the wild type mRNA significantly increased in S. solfataricus after cold shock and in cells grown in minimal medium containing hydrolyzed xyloglucan as carbon source.;  To evaluate the possible impact of cold shock on the fucA gene expression, cold shock time course experiments were carried out and growth curves of the wild type and FFuc strains were monitored up to stationary phase (Figure 5).;  As reported in Figure 5A,B, cells viability of both strains at 65 °C, and after cold shock at 4 °C, was not affected, and the growth curves were comparable to the control at 80 °C, with no significant differences.;  Instead, fucA mRNA showed a 10-fold increase in cold shocked cells at 4 °C, and 2-fold in cells grown at 65 °C (Figure 5B).;  Surprisingly, in the FFuc strain, the framefucA mRNA was not affected in any of the conditions tested, suggesting that the observed increase of mRNA in the WT strain after cold shock was not due to transcriptional up-regulation.;  Moreover, in WT cells cold shocked at 4 °C, we observed a 2-fold increase of α-l-fucosidase activity (from 2.0 to 4.2 mU/mg at 80 and 4 °C, respectively) (Figure 5D).; S. solfataricus strains response to cold-shock stress. (A) Growth curve of S. solfataricus WT strain at 80 °C (blue) and subjected to cold shock at 65 and 4 °C (red and green, respectively).;  Solfataricus FFuc strain at 80 °C (blue) and subjected to cold shock at 65 and 4 °C (red and green, respectively). (C) Real-time PCR of fucA and framefucA mRNA.;  Surprisingly, after cold shock, we observed a 10-fold increase of the wild type transcript in WT strain, while in FFuc the full-length transcript remained constant.;  Under the conditions of adequate dietary selenium, when Sec-tRNASec levels are high, NMD presumably does not occur because Sec incorporation is efficiently out-competing translation termination [54,55,56]. Our data show that cold shock had an effect in vivo on the fucA gene, which is expressed by −1 PRF.;  Although both fucA mRNA abundance and α-l-fucosidase specific activity increase after cold shock, the variation is not comparable (10- vs. 2-fold in Figure 5C,D).;  The involvement of α-l-fucosidase in cold shock is not clear and requires further studies that go beyond the aims of this work.;  In the full-length gene the increase in the transcript level was much lower than in the wild type gene, suggesting that, as we proposed for the cold shock experiments, the translating ribosomes stabilized the mRNA of the wild type.;  Statistical significance was performed for all qRTPCR experiments using the two-tailed paired Student’s t test, and, for cold shock and different carbon sources growth experiments, also with ANOVA Dunnett’s test.;  Under this point of view, the α-l-fucosidase activity is a useful molecular tool to study −1 PRF as it be easily assayed in vitro [17]. Here, the analysis of different growth conditions showed that cold shock and the presence of xyloglucan oligosaccharides increased up to 10-fold the mRNA abundance of fucA, while the full-length control gene showed mRNA levels similar and much less increased, respectively, if compared to standard growth conditions.;  This may suggest that cold shock and xyloglucan oligosaccharides induce −1 PRF, but further studies, going beyond the aims of this work, are required."
"cold-stress","D000079225",31178851,6543543," MPC6 exhibits a high-copy number of genes encoding for enzymes involved in oxidative and cold-stress response that allows it to cope with high concentrations of heavy metals (As, Cd, Cu) and low temperatures, a finding that was further validated experimentally."
"dehydration","D003681",35327618,8946055," Interestingly, AfLEA1 interacts with other proteins and nucleic acids, and RNA promotes liquid–liquid phase separation (LLPS) of the protein from the solvent during dehydration in vitro.;  Behaviors such as salt-induced precipitation, which may cause proteins to separate from solution, are likely commonplace in the drying cell when protein–protein interactions become unavoidable [46]. The occurrence of LLPS at extreme dehydration may simple be a consequence of water loss, not a protective mechanism during anhydrobiosis.; AfLEA1 undergoes LLPS during desiccation in vitro in a solution mimicking the intracellular conditions in A. franciscana. (A) When desiccated in the absence of RNA, AfLEA1 undergoes LLPS (black arrow) at severe dehydration concurrent with the formation of salt crystals in the solution (white arrow). (B) When desiccated in the presence of mRNA from A. franciscana, AfLEA1 rapidly undergoes LLPS at higher water contents than in an RNA-free solution and before salt crystals are formed.;  The water contained in the protein-water phase can have properties that vary significantly from the bulk fraction of cytosolic water [47]. The hydration buffer hypothesis postulates that water molecules that are retained and interact at the surface of LEA proteins during dehydration serve as a water reservoir during desiccation [23,48]. In addition to LEA proteins serving as a water reservoir by organizing water molecules at the protein surface, a new organizational feature of water may occur inside of the protein-water droplet that protects desiccation-sensitive biomolecules at different stages of dehydration.;  Nile Red is a solvatochromatic dye that can increase in fluoresce intensity with increasing viscosity of the cytoplasm [51,52,53,54,55]. Increasing intracellular viscosity during modest dehydration likely helps impede molecular movement and prevent undesirable chemical reactions until more efficient glasses of protein and sugar can form [5,56,57]. Furthermore, the fusion of the plasma membranes during desiccation was significantly reduced in AfLEA1-expressing cells compared to the vector control."
"detrimental","D008569",25954258,4406064,"Ultraviolet radiation can damage biomolecules, with detrimental or even lethal effects for life.; Ultraviolet radiation is one of the most limiting abiotic factors, causing diverse detrimental effects on living organisms depending on the radiation wavelength.;  Regarding the biological effects of UV light, UV-C is the most detrimental to living cells, because its short wavelengths, especially 256 nm, are absorbed directly by DNA, causing formation of cyclobutane dimers and single-stranded breaks in the sugar-phosphate backbone.;  Following this asumption, HAAL’s UV-resistome shall comprise several or all of the following sub-systems: (i) highly sensitive sensing component to the external detrimental stimuli (UV-photoreceptor or other stress sensor) and effective response-regulators; (ii) UV shields such as special cell envelope and/or UV-absorbing pigments; (iii) an enhanced capacity for scavenging the reactive molecular species responsible for oxidative damage; (iv) an extremely efficiently use of conventional set of DNA repair proteins; (v) tolerance systems to DNA (i.e., error prone polymerases), protein and lipid damages."
"developmental interdependencies","D007805",27334284,4918007," When investigating patterns for both genera (Gambusia and Poecilia), we found that divergence in offspring-related life histories and body shape were positively correlated across populations, but evidence for individual-level associations between the two character suites was limited, suggesting that genetic linkage, developmental interdependencies, or pleiotropic effects do not explain patterns of concerted evolution.; We then integrated the mosquitofish data with data collected on extremophile Poecilia spp. [9, 24, 40, 47, 48] to address two additional questions: First, is the strength of any observed shift in one of the character suites (life history or morphology) correlated with divergence in the other (question 2)? If developmental interdependencies, genetic linkage, or pleiotropy play important roles for phenotypic diversification in extremophile Gambusia, we would expect correlations between these character suites both within (i.e., on the inter-individual level) and between populations.; Positive within-population correlations between life-history and morphological divergence should be indicative of genetic linkage, pleiotropic effects, or developmental interdependencies as driving forces behind the apparent concerted evolution of both character suites; however, we only uncovered this correlation in one out of three populations from sulfidic waters for which data for both character suites were available for the same individuals.;  While this suggests that genetic linkage, pleiotropy or developmental interdependencies do not play a pivotal role in driving the observed patterns in body shape and offspring-related life histories, future studies using more population replicates will have to investigate this further."
"eruptions","D003875",29688767,6067093," This lake, Laguna Caliente, is one of the most dynamic environments on Earth, with frequent phreatic eruptions, temperatures ranging from near-ambient to almost boiling, a pH range of −1 to 1.5, and a wide range of chemistries and redox potential.;  Given the lack of plate tectonics on Mars, individual volcanoes had intermittent summit eruptions spanning nearly the entire 4 billion years of preserved geological history (Robbins et al.,
2011).;  Poás volcano has previously been used as a model of planetary volcanism either to compare it with the scarps around the Olympus Mons volcano (Borgia et al.,
1990) or to compare its sulfur-rich eruptions with those of Jupiter's moon Io (Oppenheimer and Stevenson, 1989; Oppenheimer, 1992).;  The most recent eruptive period at Poás has occurred throughout the Holocene (Prosser and Carr, 1987), and the volcano has been active through historical times with significant eruptions in 1834, 1910, 1953–1955, and 2017 (ongoing at the time of this writing).;  These involved vulcanian and strombolian activity, phreatic to phreatomagmatic eruptions, and occasional lava flows (Prosser and Carr, 1987; de Moor et al.,
2016).;  The phreatic to phreatomagmatic eruptions are common even during times of otherwise quiescence and include mostly unpredictable geyserlike expulsions from the crater lake, although recent efforts for prediction have improved (de Moor et al.,
2016).;  The ongoing magmatic eruptive phase began in April 2017 and has been of styles very similar to surtseyan, vulcanian, and strombolian eruptions.;  Since the 1953–1955 eruptions, fumarole activity has been concentrated mostly along the dome area, extending down to the lake shore and underneath the fluids.;  The dome was formed during the 1953 eruption when the lake had entirely drained (Rymer et al.,
2000), and the majority of the cone has since been lost into the current crater lake during subsequent eruptions.;  In April 2017, the dome area was entirely obliterated by ongoing eruptions."
"extremotolerant cold","D000067390",31386567,6818489," To better understand the potential for life in these cold briny environments, we determined the maximum salt concentrations suitable for growth (MSCg) of six different chloride and perchlorate salts at 25°C and 4°C for the extremotolerant cold- and salt-adapted bacterial strain Planococcus halocryophilus."
"fits","D012640",33352933,7767258," In evolutionary terms, thermoresistance to global warming will likely occur in stepwise mutational changes, conforming to the molecular signatures, such that each “intermediate” fits a temporary niche through punctuated equilibrium, while maintaining protein functionality."
"haloalkaliphile's metabolism","D008659",20543878,2881530," The reconstruction itself represents a knowledge base of the haloalkaliphile's metabolism and, as such, would greatly assist further investigations on archaeal pathways.;  The reconstruction itself represents a summary of the knowledge regarding the haloalkaliphile's metabolism."
"halophilic/psychrophilic bacteria","C537702",32833498,7116095," However, the question remains as to whether our novel hypothesis that halophilic/psychrophilic bacteria or archaea can alter the freezing/melting curve of salt solutions could be validated."
"hyperosmolar stress","D000079225",38252174,10803503," Recombinant E. coli cells were subjected to heat, cold, acidic, alkaline, and hyperosmolar stress to evaluate the effects of HSP20 proteins on stress resistance."
"infection","D007239",27053548,4886783,"We provide here, for the first time, insights into the initial infection stages of a large spindle-shaped archaeal virus and explore the following life cycle events.;  Upon infection, the intracellular replication cycle lasts about 8 h, at which point the virions are released as spindle-shaped tailless particles.;  Through host infection, viruses can influence microbial diversity by introducing genetic variation, affect host cell physiology, and directly kill their hosts by cell lysis (3, 4).;  On infection in Sulfolobus islandicus Rey15A, growth retardation occurs, but no evidence for cell lysis has been observed, and no clear plaques have been seen on Gelrite plates (17).;  Here, we studied the life cycle of SMV1 when infecting S. islandicus ΔC1C2 (13), with special focus on the early stages of infection.;  The supernatant containing the virus particles was collected at 48 to 72 h postinfection (hpi) and concentrated by ultrafiltration using 1,000,000-molecular-weight-cutoff (MWCO) centrifugal filter units (Sartorius, Aubagne Cedex, France).;  Six 50-ml flasks of each culture were set up; three were uninfected controls, and three were infected with a multiplicity of infection (MOI) of 5.;  Samples of cell-free supernatant from the time course infection at an MOI of 0.1 (see above) were serially diluted, and 10 μl of each diluted sample was mixed with 2 ml preheated fresh S. islandicus ΔC1C2 cells, followed by 2 ml preheated 0.4% (wt/vol) Phytagel (Sigma-Aldrich, USA).;  Whereas S. islandicus HVE10 and S. islandicus LAL14/1 showed low or no susceptibility to SMV1 as indicated by similar growth rates of the virus-treated and the control cultures, S. islandicus REY15A and the deletion mutant S. islandicus ΔC1C2 appear to be highly susceptible to SMV1 infection (Fig. 1A and ​andB).B).;  REY15A displayed observable growth retardation 14 h postinfection (hpi), whereas ΔC1C2 displayed growth retardation already at 6 hpi.; (A and B) Susceptibility of different Sulfolobus strains to SMV1 infection.;  Cultures were incubated in triplicates at 78°C. (C) Growth inhibition of S. islandicus ΔC1C2 by SMV1 infection at different MOIs (0.01 to 5).;  The adsorption was very efficient, with 50% of virions being bound to cells within 1 min of infection (Fig. 2).;  Further incubation of the virus in the presence of the host cells resulted in additional virion binding: ∼80% of virions were bound within 20 to 30 min postinfection.;  To ensure that the observed loss of virus titer was not due to high temperature and/or acidic effects but indeed could be attributed to virus adsorption, we performed a cell-free control experiment in which the same amount of SMV1 as used for the infection was added to ΔC1C2 growth medium.;  The adsorption rate (calculated as 7 × 10−9 ml min−1 at 1 min postinfection) was very rapid and comparable to the even faster adsorption rate observed for SIRV2 (9).;  The number of unbound virus particles was determined at different time points postinfection as described in Materials and Methods.; Very little is known about the initial infection stages of archaeal viruses, whereas studies of viruses infecting the other domains of life have revealed three common entry mechanisms: penetration, membrane fusion, and endocytosis (27).;  To gain insight, we followed the interaction of SMV1 and ΔC1C2 cells by transmission electron microscopy (TEM) just after infection.;  Samples were collected at 10 min postinfection and negatively stained for TEM.; Upon SMV1 infection, clear growth retardation is observed in ΔC1C2 cells; however, it is not clear whether virus release lyses the cells.; (A) One-step growth curve of SMV1 infection of S. islandicus ΔC1C2.;  Scale bar, 1 μm. (B) Time course analysis of the percentage of live (light gray) and dead (dark gray) cells in an S. islandicus ΔC1C2 culture infected with SMV1 (MOI ≈ 3) compared to an uninfected control. (C) Flow cytometry analysis of live/dead staining of S. islandicus ΔC1C2 before and after infection with SMV1 (MOI of 3) at 22 hpi.; Our study provides valuable insight into the initial infection stages of one of the large spindle-shaped archaeal viruses, SMV1.;  Upon infection, the replication of the virus retarded host growth but did not cause lysis of the host cells."
"neutrophilic Acidithiobacillia","C564275",35242113,8886135," Genes and mechanisms denominated as “first line of defense” were key to explaining the Acidithiobacillia acidophilic lifestyle including preventing proton influx that allows the cell to maintain a near-neutral cytoplasmic pH and differ from the neutrophilic Acidithiobacillia ancestors that lacked these systems.; The model proposes the transition of a neutrophilic Acidithiobacillia ancestor to the extremely acidophilic Acidithiobacillaceae family by reinforcing the outer membrane and generating a positive membrane potential to restrict the influx of protons into the cytoplasm (Figure 9)."
"psychrophilic beta -galactosidases","D016537",24790757,3982409,""
"retardation","D008607",33320434,8085985," On the other hand, F. islandicum AW‐1 exhibited a significant retardation in the Suf system‐mediated keratin degradation in the presence of S0."
"rigidity","D009127",37073170,10077225," A primary result of these “micromolecular” adaptations is preservation of optimal balances between conformational rigidity and flexibility of macromolecules.;  Thus, an overly rigid enzyme may function poorly, even if this rigidity should make it relatively resistant to physical stressors.;  These highly stabilizing crowded conditions would strongly enhance the rigidity of protein conformation.;  This example of mMDH suggests an important type of interplay between protein stability and solution chemistry: selection favors adjustment of protein stability not only to adapt the protein to temperature, but also to ensure that the appropriate balance between flexibility and rigidity is attained under the solution conditions (here, of extreme molecular crowding) within which the protein functions."
"shock","D012769",38252174,10803503,"Small heat shock proteins (HSPs), such as HSP20, represent cellular thermal resistance mechanisms, to avoid protein aggregation at elevated temperatures.;  Heat shock proteins (HSPs) are one such machinery which are found ubiquitously.;  The constructed plasmids were introduced into E. coli TOP10 cells through a brief heat shock (42 °C, 45 s), and the transformants were cultivated for 14–18 h at 37 °C with appropriate antibiotics (50 µg mL–1 of kanamycin for pET28a-based plasmids; 100 µg mL–1 of ampicillin for pBAD30-based plasmids).; Sodium dodecyl sulfate–polyacrylamide gel electrophoresis analysis of 18 heat shock protein (HSP)20s from insoluble and soluble fractions expressed in Escherichia coli."
"shock proteins","D012769",38252174,10803503,"Small heat shock proteins (HSPs), such as HSP20, represent cellular thermal resistance mechanisms, to avoid protein aggregation at elevated temperatures.;  Heat shock proteins (HSPs) are one such machinery which are found ubiquitously."
"stress","D000079225",35837468,9274170,"Salt cress (Eutrema salsugineum), an Arabidopsis-related halophyte, can naturally adapt to various harsh climates and soil conditions; thus, it is considered a desirable model plant for deciphering mechanisms of salt and other abiotic stresses.;  Accumulating evidence has revealed that compared with Arabidopsis, salt cress possesses stomata that close more tightly and more succulent leaves during extreme salt stress, a noticeably higher level of proline, inositols, sugars, and organic acids, as well as stress-associated transcripts in unstressed plants, and they are induced rapidly under stress.;  In this review, we systematically summarize the research on the morphology, physiology, genome, gene expression and regulation, and protein and metabolite profile of salt cress under salt stress.; Soil salinity is one of the major environmental stress factors that restrict the functioning of plants in natural ecosystems, and greatly reduce crop yields which subsequently leads to a threat to food security (Zhu, 2002; Vera-Estrella et al., 2005; Zhao et al., 2020).;  As we know, the enormous value will come from a better understanding of the mechanisms through which plant tolerance of abiotic stresses is achieved (Zhao et al., 2020).;  Most studies on salt stress response mechanisms of plants have been conducted using the glycophyte model Arabidopsis thaliana and some important clues were gained (Wu et al., 2012).;  However, Arabidopsis has a relatively low capacity to survive salt stress, thus it may lack the protective mechanisms required for growing in harsh environments (Lee et al., 2013).;  Therefore, searching for the novel stress tolerance determinants including novel genes and novel stress tolerance mechanisms has led to increasing interest in the plants native to growing in extreme environments called “extremophytes” (John and Spangenberg, 2005; Amtmann, 2009; Gechev et al., 2012; Bressan et al., 2013; Oh et al., 2013; Cheeseman, 2015; Flowers et al., 2015; Eshel et al., 2017).; Halophytes can naturally thrive under high salinity conditions, such as in marshlands, swamps, and intertidal estuarine areas, and their tolerance to salt stress may occur through various evolutionary and molecular mechanisms, which can provide crucial insights into the underlying mechanisms that endow tolerance of plants to salt stress (Flowers et al., 1986; Bressan et al., 2001; Zhu, 2002; Amtmann, 2009; Rajalakshmi and Parida, 2012; Wu et al., 2012).;  Eutrema salsugineum can naturally grow well in extreme environments and displays exceptionally high resistance to salt as well as cold, drought, and oxidative stresses, but its genetic make-up, morphology, and development are similar to the glycophyte Arabidopsis (Bressan et al., 2001; Inan et al., 2004; Taji et al., 2004; Volkov et al., 2004; Wang et al., 2004; Gong et al., 2005; Wong et al., 2006; Amtmann, 2009; Orsini et al., 2010; Wu et al., 2012; Koch and German, 2013; Figure 1).;  Importantly, salt cress has the availability of extensive ecotypes exhibiting a range of stress responses to adapt to different environmental stresses (Inan et al., 2004; Wong et al., 2005; Li et al., 2006; Amtmann, 2009; Hou and Bartels, 2015).;  These advantages characteristics make the halophytic Eutrema species amenable to the functional genomics approaches designed to identify the novel genes and new molecular mechanisms involved in stress resistance (Lugan et al., 2010).; Growth comparison of Eutrema salsugineum (Shandong) and Arabidopsis thaliana plants in the control (CK) and stress treatment conditions. (A) Growth comparison of Eutrema and Arabidopsis plants in the control and NaCl treatment (100, 200, 300, and 400 mM NaCl) conditions.;  The surface sterilized Arabidopsis seeds planted in 1/2 MS medium, was firstly stratified treatment in 4°C for 3 days, then moved into a growth chamber for 7 days; the seedlings were transplanted in nutrient soil containing vermiculite, perlite, and peat moss (1:1:1) for 24 days, followed by 6-day salt treatment using 200 mM NaCl. (D) Phenotype comparison of Eutrema plants under salt, drought, and cold stresses.;  Eutrema seeds were planted in a mixture of vermiculite, perlite, and peat moss (1:1:1) in a greenhouse for 60 days with a photoperiod of 16 h light/22°C and 8 h dark/18°C, followed by stress treatments using 300 mM NaCl (Salt), no watering (Drought) and low temperature of 4–6°C (Cold) for 2 weeks, respectively, or kept in normal growth condition (CK).; Over the past few years, this salt cress species has come to the fore in the research into abiotic stress resistance and is considered a plant model of stress resistance well comparable with the Arabidopsis genome (Bressan et al., 2001; Inan et al., 2004; Amtmann et al., 2005; Amtmann, 2009).;  Secondly, comparative analyses of the genome structures, protein-coding genes, microRNAs, stress-related pathways, and proteomic and metabolic profiles between Eutrema and Arabidopsis suggest that adaptation of the halophyte to environmental salt stress may occur via a global network adjustment of multiple regulatory mechanisms (Yang et al., 2013).; In this review, we systematically summarize the recent research advances in understanding morphology, physiology and biochemistry, expression and expression regulation of genes, and evaluating its usefulness as a model for research into plant stress tolerance, as well as emphasizing the possible molecular mechanisms underlying adaptation of the halophytic Eutrema to saline environments.;  This can provide a comprehensive insight to understand the mechanisms conferring a high level of salt stress tolerance in the halophyte.; High levels of stress tolerance in plants are the result of evolutionary adaptation, thus the genotypic selection of plants for adaptation to various environments plays an important role in agriculture and ecology (Boyer, 1982; Janz et al., 2010).;  Due to the natural adaptations of E. salsugineum to various harsh climates and soil conditions, it is considered as an important model for deciphering the mechanisms of salt and other abiotic stress tolerance of plants (Gong et al., 2005; Griffith et al., 2007; Lamdan et al., 2012; Wang et al., 2021).;  Wu et al. (2012) demonstrated that, although the gene spaces display an extensive colinearity between E. salsugineum and A. thaliana, the salt stress-related gene families expanded in E. salsugineum genome (Wu et al., 2012).;  Among these, the AtNFXL1 gene encoding NF-X1 type zinc finger proteins was suggested to play a regulatory role in protecting photosynthesis, and be required for the growth of Arabidopsis plants under salt stress.;  The members of NF-X1, HSF, Trihelix, and GRAS TF families involved in abiotic stress response, were also expanded in numbers in salt cress (Table 1).;  The expansions of these gene family members are suggested to be associated with the adaptation of salt cress to harsh environments, due to the fact that their orthologous gene members in Arabidopsis and other plants have been documented to be associated with stress resistance (Lisso et al., 2006; Ogawa et al., 2007; Xie et al., 2009; Wu et al., 2012).;  These expanded family members possibly endow E. salsugineum with more flexibility in response to salinity stress (Wu et al., 2012).;  Additionally, the RAV gene family reported to respond to high salt and cold stresses, had been expanded from six members in A. thaliana to nine in E. salsugineum genome (Fowler et al., 2005; Sohn et al., 2006; Wu et al., 2012; Table 1).; The expanded genes or gene family members involved in response to salt stress in Eutrema compared with Arabidopsis.; LEA proteins can be involved in the “molecular shield function” to protect enzymes from induced aggregation when plants encounter stress in their environments (Goyal et al., 2005).;  In E. salsugineum, the CBL10 gene had been duplicated into EsCBL10a and EsCBL10b (Table 1), and the down-regulation of either of the two EsCBL10 genes decreased the growth of plants in the presence of salt, indicating that both genes function in the response of plants to salinity stress (Monihan et al., 2019).;  Undoubtedly, genetic variation and natural selection are fostering stress-related genes and gene interaction networks in the whole genome, which will prompt the local adaptation and differentiation of Eutrema plants to extreme salt stress in a non-random way.; The exposure of plants to high salt stress leads to the damage of cell structure, and disorder of many physiological functions (Sairam and Tyagi, 2004).;  Compared to Arabidopsis, E. salsugineum leaves are more succulent-like, have a second layer of palisade mesophyll cells, and frequently fall off during extreme salt stress, while root tissues develop an extra endodermis and cortex cell layer (Inan et al., 2004; Figure 2).;  Meanwhile, the stomata of E. salsugineum leaf surface are present at a higher density and less open than that in Arabidopsis, and exhibit a more tightly closing when responding to salt stress (Inan et al., 2004; Figure 2).;  The adaptative mechanisms of Eutrema plants to saline stress are mainly including: (1) The adaptive evolution endowing E. salsugineum plants with the expanded defense related genes and/or gene family members to facilitate plants more flexibility in response to salinity stress; (2) The constitutive higher expression of stress defense genes such as P5CS and SOS1 in the absence of salt stress; (3) Anticipatory prepared osmolytes such as proline and secondary compounds, and a higher efficience to activate the existed enzymatic machinery as well as the adjustment of metabolism; (4) The halophytic E. salsugineum possessing exceptional control over Na+ influx and export mechanisms, the superior ability to coordinate its distribution to various tissues, and the efficient sequestration of Na+ into vacuoles; (5) A constitutively upregulated antioxidative protection system, and the effective regulation of redox status in halophytic Eutrema; (6) The succulent-like leaves, an extra endodermis and cortex cell layer in root tissues, and higher density of stomata exhibitting a more tightly closing when responding to salt stress, as well as an almost unaffected net photosynthetic rate, in the lower or even moderate concentration of salinity.; Photosynthesis is a primary process that is influenced by salinity stress, that mainly attributed to a decreased CO2 availability caused by diffusion limitations via the stomata and the mesophyll, or a generated secondary oxidative stress, which will seriously affect leaf photosynthetic machinery (Lawlor and Cornic, 2002; Flexas et al., 2004, 2007; Munns et al., 2006; Chaves et al., 2009).; Chlorophyll (Chl) and PSII play a key role in the response of leaf photosynthesis to environmental stresses (Baker, 1991).; To survive salt stress, plants must maintain a balance between sodium (Na+) and potassium (K+) ions, thus the homeostasis of Na+ and K+ is considered the most important mechanism to reducing NaCl stress in higher plants (Zhao et al., 2020).;  Taji et al. (2004) found, in E. salsugineum, a constitutively high expressed EsSOS1 RNA in the absence of stress, and an increased EsSOS1 expression observed in the PM of salt-treated roots and leaves (Taji et al., 2004; Vera-Estrella et al., 2005; Figures 2, ​,3).3).;  Likewise, Kant et al. (2006) demonstrated that E. salsugineum SOS1 transcript was strongly induced by salt in the shoots, and a constitutively high expression existed in roots in unstressed salt cress, which was consistent with a lower salt-induced Na+ concentration in xylem sap of E. salsugineum than that in Arabidopsis (Kant et al., 2006).;  The halophytic Eutrema HKT1;2 (EsHKT1;2 and EpHKT1;2) is considered as the Na+/K+ co-transporter, that function in Na+ retrieval from the xylem vessels under salt stress, and helps sequester ions into xylem parenchyma cells to protect photosynthetic tissues.;  Taken together, salt stress enhanced H+-transport and hydrolytic activity of E. salsugineum tonoplast and plasma membrane H+-ATPases, and also greatly stimulated the activity of tonoplast Na+/H+ exchange in E. salsugineum leaves and roots (Vera-Estrella et al., 2005; Figures 2, ​,33).;  The study found that EsHKT1;2 mRNA is dramatically induced, whereas AtHKT1 is downregulated upon salt stress (Ali et al., 2013; Figures 2, ​,3).3).;  E. salsugineum EsHKT1;2 ectopically expressed in yeast mutants lacking Na+ or K+ transporters showed a strong K+ transporter activity, and selectivity for K+ over Na+, suggesting EsHKT1;2 act as maintenance of K+ uptake under salt stress that supporting the halophytic lifestyle (Ali et al., 2012, 2013; Figures 2, ​,3).3).;  Moreover, Arabidopsis plants (Col-gl) overexpressing EpHKT1;2 gene accumulated less Na+ and more K+, and displayed significantly higher tolerance to salt stress when compared to those overexpressing EpHKT1;1 or AtHKT1.; Besides, the major site of Na+ accumulation occurs in old leaves, followed by young leaves and taproots, and the least accumulation occurred in the lateral roots of E. salsugineum plants under salt stress (Vera-Estrella et al., 2005).;  Correspondingly, Eutrema accumulated lower levels of Na+ and Cl− than Arabidopsis, and its rosette leaves displayed more efficient protective mechanisms against Na+ metabolic toxicity when plants were exposed to higher salinity stress (M'rah et al., 2007).; A common reaction of plants to salt-triggered osmotic stress and ionic imbalance is to increase the levels of reactive oxygen species (ROS; Bose et al., 2014; Kumar et al., 2017).;  On the other hand, ROS as universal signaling metabolites has been perceived to regulate plant growth and development, as well as defense against biotic and abiotic stresses (Foyer et al., 2017; Czarnocka and Karpiński, 2018; Fichman and Mittler, 2020).;  The enhanced antioxidant tolerance of Eutrema is associated with: (1) A constitutively enhanced H2O2 generated to keep the antioxidant system up-regulated to preadapted plant to salinity stress, as well as a chloroplastic production of H2O2 inducing the accumulation of glucosinolates to activate the stress defense system, (2) Antioxidative enzymes such as GPX, and non-enzymatic antioxidants such as ascorbate and glutathione facilitating ROS homeostasis and alleviating damage of singlet oxygen (1O2) to PSII under salt stress, (3) A higher expression level of thioredoxin CDSP32 regulating redox status of target proteins and highly reduced states of PQ pool and P700 facilitating redox homeostasis and lower photoinhibition under salt stress.; The H2O2 checked in A. thaliana and E. salsugineum plants treated with H2O and the salt solution containing 150 and 300 mM NaCl revealed that, in the chloroplasts of salt cress mesophyll cells, electron-dense perhydroxide cerium precipitates were detectable in control, and more pronounced visible dark spots found after salt stress (Pilarska et al., 2016).;  In contrast, the chloroplasts in A. thaliana leaves displayed no perhydroxide deposits in the control condition, while salt stress associated with H2O2 accumulation was mainly visible at the edges of grana in thylakoids (Pilarska et al., 2016).;  This result suggested that a constitutively enhanced H2O2 generated in chloroplasts may be a crucial component of stress-preparedness of this halophyte (Pilarska et al., 2016; Figures 2, ​,4).4).;  Thus, it is suggested that enhanced leakage of H2O2 from plastids keeps the antioxidant system up-regulated to make plants preadapted to the salinity stress (Pilarska et al., 2016; Figures 2, ​,4).4).;  The comparison of A. thaliana and E. salsugineum demonstrated that the latter was capable of enhancing the production of H2O2 under control and stress conditions (Wiciarz et al., 2015; Pilarska et al., 2016, 2021; Figures 2, ​,4).4).;  These studies indicate a different regulation of ROS formation in the two relative species, and the precise control of ROS generation may contribute to plant stress responses (Pilarska et al., 2021).; In the plasma membrane, ROS are synthesized by NADPH oxidases (NOXs), termed respiratory burst oxidase homologs (RBOHs; Kaur et al., 2018), and NOXs is considered an important component of signal transduction under salt stress (Pilarska et al., 2021).;  Moreover, the different salt-induced expression patterns of RBOHD and RBOHF genes between the E. salsugineum and A. thaliana point to, in leaves of the halophytic Eutrema, the two NOX genes (RBOHD and RBOHF) be involved in the late acclimation response to ionic and osmotic stress (Pilarska et al., 2021; Figure 4).;  Further, the total activity of NOXs in E. salsugineum was demonstrated to be unaffected by severe salt stress (Figure 4), whereas a declined activity was seen in A. thaliana (Pilarska et al., 2021).; Antioxidative enzymes play an important role in scavenging toxic radicals in the different organelles of plants such as chloroplasts, cytosol, mitochondria, and peroxisomes, particularly in environmental stress such as salinity (Rajalakshmi and Parida, 2012).;  In E. salsugineum, the enzymatic antioxidant systems could contribute to its extremely high level of tolerance to salt, drought, cold, and oxidative stresses (Gao et al., 2014).;  Plant GPXs play essential roles that are not only involved in ROS homeostasis, stress signaling, and protecting plants from stress-induced oxidative damage to membrane and protein, but also in plant growth and development (Gao et al., 2014; Ozyigit et al., 2016).;  The gene and protein expression profiles of eight GPXs identified in E. salsugineum displayed that GPX5, GPX7, and GPX8 genes were upregulated in both leaves and roots upon salt stress (Figures 2, ​,4),4), while GPX1, GPX2, and GPX3 were only upregulated in roots under salt stress; GPX1, GPX3, GPX4, GPX7 genes in leaves and almost all GPX genes in roots were up-regulated under osmotic stress (Gao et al., 2014).;  These studies documented that, the different members of the GPX gene family were modulated in specific environmental stresses and/or in different tissues, indicating the important roles of EsGPXs in salt and osmotic stress response of Eutrema plants (Gao et al., 2014).; Thioredoxin is a small oxidoreductase functioning as a hydrogen donor of target proteins and is considered a specific marker for assessment of oxidative stress (Holmgren, 1985; M'rah et al., 2007).;  It was reported that potato (Solanum tuberosum) CDSP32 exhibited a substantial accumulation in chloroplast stroma and preserved chloroplastic structures against oxidative injury under drought and oxidative stresses (Broin et al., 2000).;  In E. salsugineum, thioredoxin CDSP32 was found to be higher in abundance than that in A. thaliana under control and salt-stress conditions (Figures 2, ​,4),4), and strongly diminished in salt-treated Arabidopsis plants (M'rah et al., 2007).; To sum up, these researches proposed that the salt tolerance of halophytic Eutrema species is associated with constitutively expressed protection systems against oxidative stress such as GPX and thioredoxin CDSP32, as well as the ability to sustain a highly reduced state of PQ pool and P700, to alleviate the damage of PSII under salt stress (Figures 2, ​,44).; Accumulation of osmoprotectants is one of the defense mechanisms for plants to cope with abiotic stresses (Rajalakshmi and Parida, 2012; Zhao et al., 2020).;  Several studies have shown that plant metabolism is strongly impacted by salt stress (Flowers and Colmer, 2008; Bartels and Dinakar, 2013; Lee et al., 2016).;  The metabolites positively correlating with salt stress are reported to participate in the underlying mechanisms including cell-wall remodeling (hydroxyproline), osmoprotectant and storage (proline and sucrose), and photorespiration (glycine and serine; Lugan et al., 2010).;  The E. salsugineum had much higher levels of most metabolites than A. thaliana under the salt or osmotic stress treatment (Figure 2), despite the fact that the same metabolic pathways were regulated by salt stress in both species (Lugan et al., 2010).;  But E. salsugineum could cope with osmotic stress by tolerating dehydration via the metabolic configuration to lend itself to osmoprotectant rather than osmo-adjustment strategy (Lugan et al., 2010; Figure 2).;  Taken together, salt stress markedly decreased the osmotic potential of shoots, increased total solute levels to sustain a water potential gradient with the environment (Figure 2).; Furthermore, several studies supported the constitutively higher levels of proline, inositols, sugars, and organic acids in E. salsugineum, which were interpreted as metabolic stress-anticipation (Gong et al., 2005; Lee et al., 2016; Figure 2).;  Salt cress accumulated a markedly higher amount of proline than that of Arabidopsis under normal growth conditions, thus suggesting that the characteristic of extreme tolerance of salt cress to high salinity is due in part to the overaccumulation of proline under unstressed conditions (Taji et al., 2004; Figure 2).;  Likewise, Kant et al. (2006) demonstrated that E. salsugineum contained higher unstressed levels of proline than Arabidopsis, while under salt stress, Eutrema accumulated more proline mainly in shoots (Kant et al., 2006).;  The evaluation of salinity stress tolerance of eight different Eutrema accessions revealed that Tuva and Buriatia classified as salt susceptible ecotypes treated at 500 mM NaCl had seven-fold higher proline than that in Altai 1 and Altai 2 identified as salt tolerant ecotypes when treated with a similar concentration of NaCl (Gandour et al., 2019).; The gene expression profiles in E. salsugineum (Shandong ecotype) using an Arabidopsis full-length cDNA microarray revealed that, in contrast to Arabidopsis, only a few genes were induced by 250 mM NaCl stress, and many known stress-inducible genes such as Fe-SOD, P5CS, PDF1.2, AtNCED, P-protein, b-glucosidase, and SOS1 were expressed at high levels in salt cress even in the absence of stress (Taji et al., 2004; Figure 2).;  The combined transcript and metabolite analyses notably pointed toward a stress-anticipatory preparedness in E. salsugineum (Gong et al., 2005).;  In comparison with a great activation of transcription detected in A. thaliana, only a slight change in gene expression was found in E. salsugineum after stress treatment (Taji et al., 2004; Wong et al., 2006).;  Collectively, the analysis of expression profiling suggested that the stress-inducible signaling pathways are constitutive and active in salt cress even in the absence of stress (Figure 2), which is considered an important strategy for the extreme salt tolerance of this halophyte (Taji et al., 2004; Gong et al., 2005).;  This indicates that the adjustment of metabolism and activation of the already existing enzymatic machinery could serve as a faster and more efficient strategy to cope with salt stress than the synthesis of new proteins (Pilarska et al., 2016; Figure 2).; In addition, the cDNA microarray containing 3,628 stress-induced E. salsugineum (Yukon ecotype) unique sequences were used to investigate the gene expression-profiling between Yukon and Arabidopsis subjected to saline, simulated drought, and cold stress as well as recovery from water deficits.;  The result revealed that, among 154 differentially regulated transcripts obtained in all studied conditions, only six genes responded to all three stresses of salinity, drought, and cold (Wong et al., 2006).;  The low overlapping genes indicated an extensive divergence that exists in the responses of Eutrema Yukon to different stresses (Wong et al., 2006).;  Intriguingly, in addition to activating the expression of some well-known stress-responsive genes, a large number of biotic stress-related genes under salinity and drought treatments were found to be down-regulated, suggesting a precise defense strategy to different environmental stresses in E. salsugineum (Figure 2), thereby maximizing its survival potential via conserving energy and resources (Wong et al., 2006).;  Solexa sequencing platform together with microarray and qRT-PCR was used to identify salt-stress responsive miRNAs in E. salsugineum.;  The differential response of the conserved high abundance miR166f, miR168a, miR408, and miR408-5p to salt stress suggests that they may play a key role in salt tolerance of Eutrema (Zhang et al., 2013; Figure 2).;  In agreement with this result, miR166, miR168a, and miR408 were all previously consistently demonstrated to be responsive to stress conditions, including salt and drought stress (Liu et al., 2008; Kong et al., 2010; Trindade et al., 2010; Zhou et al., 2010; Li et al., 2012; Figure 2).;  Another research on the large-scale characterization of E. salsugineum miRNAs and analysis of potential targets demonstrated that 11 conserved miRNA families including miR160, miR161, miR162, miR164, miR171, miR319, miR390, and miR827, and four novel miRNAs displayed a significant response to 300 mM NaCl stress (Wu et al., 2016).;  The higher expression of miR408 leads to improved tolerance to salinity, cold and oxidative stress in Arabidopsis (Ma et al., 2015).;  Recently, lncRNAs were proposed to play an important role in response to abiotic and biotic stress including a significant role in plant salt stress response (Gai et al., 2018).;  Among them, 8% were only expressed in stress-treated plants, which suggested a documented association between lncRNA expression and stress (Simopoulos et al., 2020).; In conclusion, these analyses of gene expression profiles based on the microarray platform and transcriptome in E. salsugineum provide useful global insight for elucidating the underlying salt tolerance mechanisms that distinguish it from Arabidopsis and help our more in-depth analyzing the extreme stress tolerance in this halophyte species.;  The investigation of the patterns of miRNA accumulation and target gene analysis revealed the possible roles of miRNAs in the adaptive response of E. salsugineum to salt stress (Figure 2), which enables us to access the salt tolerance mechanism of this halophyte from the perspective of small RNA regulation.; Halophytes have the potential to serve as a rich repository for genes to study abiotic stress mechanisms in plants (Rajalakshmi and Parida, 2012).; The exposure of plants to abiotic stresses challenges the plant water status and triggers highly specific hydraulic responses.;  Plant AQP genes respond to diverse abiotic stresses such as salinity and drought (Alexandersson et al., 2005; Guo et al., 2006), and play important functions in the responses to environmental stimuli (Maurel et al., 2008; Aroca et al., 2012; Wang et al., 2014).;  It has been reported that Arabidopsis PIP2;1 and PIP2;2 contribute to approximately 40% of the root hydraulic conductivity (Sutka et al., 2011; Péret et al., 2012), and the modification and localization of PIP aquaporins and root hydraulic conductivity could be regulated by the salt stress (Boursiac et al., 2008; Prak et al., 2008; Martinière et al., 2012; Qin et al., 2019).;  Overexpression of the EsPIP1 gene in rice markedly enhanced the tolerance of transgenic plants to salt stress via regulating the osmotic potential, accumulation of organic small molecules substances, and the ratio of K+/Na+ in the plant cells (Qiang et al., 2015).;  Moreover, EsPIP1 protein was shown to specifically interact with EsPIP2 and a non-specific lipid-transfer protein 2, suggesting that E. salsugineum EsPIP1 probably plays key roles in the response to multiple external stimuli, and participates in various physiological processes when plants subjected to salt stress (Qiang et al., 2015).;  Several E. salsugineum PIPs were observed to have a more stable expression in the roots compared with that in the shoots under salt stress conditions, and this specific expression pattern of PIP aquaporins is suggested to improve their ability to maintain a higher level of water transport activity in the roots, and decreasing water transpiration in the shoots (Qin et al., 2019).;  And this gene was also able to conduct H2O2 into yeast cells in response to oxidative stress, and the inhibited growth of EsTIP1;2 transgenic yeast cells were suggested as a result of H2O2 influx (Wang et al., 2014).;  In plants, ectopic overexpression of E. salsugineum EsTIP1;2 in A. thaliana plants revealed an enhanced oxidative stress tolerance of plants after methyl viologen (MV) treatment, accompanied by a decrease of H2O2 level in the leaf cells (Wang et al., 2014).;  In all, the tonoplast AQP gene EsTIP1;2, was induced by multiple external stimuli, and a significantly elevated tolerance to salt, drought, and oxidative stress was observed in EsTIP1;2 transgenic Arabidopsis plants (Wang et al., 2014).;  This suggested that EsTIP1;2 could act as a multifunctional contributor to the survival of Eutrema plants in highly stressful habitats via mediating the conduction of both H2O and H2O2 across membranes.; To sum up, the E. salsugineum aquaporin gene EsPIP1;4 (ThPIP1) or EsTIP1;2 (TsTIP1;2) overexpressed in heterologous species displayed an enhanced plant abiotic stress tolerance in transgenic plants (Wang et al., 2014; Qiang et al., 2015).;  These data enhance our understanding of the water balance regulation mechanisms involved in plant water status and root hydraulic conductivity, as well as the responses of aquaporin families to salt stress, in this halophyte.; Late embryogenesis abundant (LEA) proteins described as multi-functional stress proteins that play active and significant roles in the stress resistance of plants via their function in defencing against dehydration caused by drought and salt (Close, 1996; Tunnacliffe and Wise, 2007).;  When plants are exposed to salinity, drought, or cold stresses, LEA2 protein members typically accumulated in dehydrating plant seeds and/or in tissues (Veeranagamallaiah et al., 2011), while dehydrins (DHNs) referred to as RAB proteins could be induced in vegetative tissues (Hundertmark and Hincha, 2008; Zhang et al., 2020).;  The expression of HVA1, a LEA3 protein from barley (Hordeum vulgare L.) conferred tolerance of transgenic rice plants to salt stress (Xu et al., 1996).;  The remarkably induced expression of EsLEA1, EsLEA4, EsLEA6, and EsDehydrin genes was revealed in leaves and/or roots, which implies that the expression of LEA proteins could be one of the important strategies for E. salsugineum to deal with salt stress (Li et al., 2021).;  EsEm1gene was revealed to be categorized into group 1 LEA proteins, and its expression was dramatically induced by salt, dehydration, abscisic acid (ABA), and cold stresses in young seedlings (Xiang and Man, 2018; Table 1).;  Overexpression of the EhEm1 gene in rice demonstrated an enhanced tolerance to salt and drought stresses in transgenic plants, which was based on the better germination performances, higher survival rates, more accumulation of proline and increased peroxidase activity, as well as the reduced chlorophyll damage and less accumulation of malondialdehyde (Xiang and Man, 2018).;  And the EsEm1 gene overexpressed in rice led to an upregulated transcript levels of several stress-responsive genes of OsCDPK6, OsCDPK9, OsCDPK13, and rab16a under both salt and drought conditions.; Salt cress (E. salsugineum or E. parvula), a close relative of the model plant A. thaliana, occurs and thrives in harsh environments, thus a number of factors contribute to its salt stress tolerance.;  Second, the transcriptional and metabolic comparisons of salt tolerant Eutrema and susceptible Arabidopsis pointed to a stress-anticipatory preparedness with constitutively high expression of the defense genes and relatively few salt-responsive genes detected, accompanied by preformed osmolyte of proline and secondary compounds, and lending metabolite configuration to fit osmoprotectant.;  Fourthly, the combined numerous studies revealed that the key components of underlying mechanisms in salt tolerance of the halophytic Eutrema, which is involved in a stronger antioxidative enzymatic system and substantially higher levels of thioredoxin, as well as the superior ability to sustain a highly reduced states of plastoquinone (PQ) pool and P700 under salt stress; the constitutively expressed protection systems against oxidative stress will facilitate to maintain a relatively stable stomatal conductance and CO2 assimilation, and enhanced chlorophyll content to keep almost unaffected net photosynthetic rate (Figure 2).;  Finally, the stress-related genes such as EsSOS1, EsEm1, and EsTIP1;2 that are expressed in transgenic systems led to enhanced tolerance to salinity stress, which indicates they play critical roles in the salt tolerance of E. salsugineum.;  And the comparative and functional genomics from this halophyte species have provided important lessons on stress tolerance.;  Also, overexpression of some abiotic stress-responsive genes from this halophyte into the transgenic model plants and crops has been achieved limited success.;  However, due to the fact that abiotic stress tolerance cannot be manipulated by a single quantitative trait locus (QTL), and genes could be a part of several pathways at different weights, thus the analysis of a vast of data is needed to explore the complicated regulating network in plants (Rajalakshmi and Parida, 2012).;  Considering the multigenic nature of abiotic stress tolerance, researchers are working toward regulating networks with more than one kind of gene implicated in stress tolerance, to improve the efficacies of transgenic systems (Rajalakshmi and Parida, 2012).; Going forward, these genetic variations of E. salsugineum are providing valuable resources for further deciphering mechanisms underlying the stress tolerance and local adaptations of this halophytic species (Wang et al., 2021).;  Moreover, Eutrema plants undoubtedly have the potential to serve as a rich repository for genes, and the QTL-based approaches in halophytes may be utilized in breeding for abiotic stress tolerance (Rajalakshmi and Parida, 2012).;  Herein, we provide the recent scientific advance underlying the halophytic Eutrema that makes exploration of these fundamental adaptive mechanisms of salt stress more feasible, and to gain opportunities for improving the production of crops in unfavorable salt environments."
"stress","D000079225",37073170,10077225,"The seas confront organisms with a suite of abiotic stressors that pose challenges for physiological activity.;  A species’ breadth of environmental tolerance may depend on how effectively it can vary the osmolyte composition of its cellular fluids in the face of stress.;  In some cases, vertical migration also involves changes in body temperature, thereby exposing organisms to changes in two physical stressors.; Salinity (osmolality) is a third abiotic stressor that poses adaptive challenges to marine species.;  Organisms in rocky intertidal habitats in which the osmolality of shallow pools may change greatly due to evaporation or rainfall, also encounter osmotic stress.; These three abiotic stressors—temperature, pressure and salinity—pose multiple challenges to marine life due to their widespread influences on the structures and functions of all classes of biochemical systems.;  In this review, I focus largely on one class of stressor effect that challenges the performance of all types of large molecular systems—proteins, nucleic acids and lipoprotein membranes.;  The two abiotic stressors that will be of central focus are temperature and hydrostatic pressure, both of which have pervasive effects on large molecular systems.;  I show that the perturbing effects of these two stressors at the biochemical level often result from their potential to disrupt the fine balance that is needed between stability and flexibility of the higher-order structures of these large molecular systems, which are stabilized largely by non-covalent (weak) chemical bonds like hydrogen bonds, ionic interactions, and hydrophobic effects (Liao et al. 2019, 2021; Somero 2022).;  Disruption of higher-order macromolecular structures is a pivotal factor in triggering the energetically costly cellular stress response (CSR), so the stability-flexibility balance in large molecular structures is a critical factor in governing cells’ responses to all categories of stressors and in establishing the costs of using the CSR (Kültz 2020).;  Thus, an overly rigid enzyme may function poorly, even if this rigidity should make it relatively resistant to physical stressors.;  Pressure effects on RNA and DNA also lead to a need for retention or restoration of the stability–flexibility balance in the face of this abiotic stressor (Arns et al. 2019; Patra et al. 2018).;  In some circumstances, notably in the deep sea, synergistic effects occur between these two abiotic stressors, creating especially significant challenges for the retention of an optimal stability-flexibility balance to support membranes’ diverse functions (Cossins and Macdonald 1989; Manisegaran et al. 2019).;  Neither intrinsic nor extrinsic adaptations on their own may be able to solve the challenges posed by abiotic stressors.;  Thus, the studies I describe below not only offer marine biologists important new information on how marine life adapts to the abiotic stressors of the sea, but these investigations also are teaching physical biochemists critical things about the physics of water-solute interactions and, for the technologically minded, are suggesting new strategies for developing solutions that aid in the stabilization and preservation of biological materials.;  However, non-physiologically high concentrations of compatible solutes or their accumulation to high levels in the absence of a stressor that challenges macromolecular structure and function can be maladaptive, as discussed later (see Yancey 2005).;  As Bolen (2004) points out, there is truly a continuum of solute effects on macromolecules; the variation in osmolyte composition found under different conditions of abiotic stress reflects the effectiveness with which organisms have exploited this raw material.; A further key point about osmolyte–macromolecule interactions is that a given osmolyte commonly can offset perturbation caused by different types of stress.;  Some protect against oxidative stress by facilitating degradation of reactive oxygen species (ROS) (Yancey 2005; Yancey and Siebenaller 2015).; I now turn to the examination of effects of two key abiotic stressors, temperature and hydrostatic pressure, on proteins, nucleic acids, and membranes and show how adaptive changes in osmolyte composition and concentration overcome many of the challenges posed by these stressors.;  This study is a clear indication of how the cellular osmolyte pool is closely modulated to “titrate” protein stability in the face of thermal stress.;  This study also showed that aspartate levels rise under osmotic stress, an illustration of the multi-tasking capabilities of many organic osmolytes.;  Similarly, studies of the hyperthermophilic archaeon Pyrococcus furiosus (OGT between 90 and 95 °C, depending on strain) demonstrate the dual roles of strong thermoprotectants like DIP and MG in responding to stresses from extremes of temperature and salinity (Esteves et al. 2014, 2019).;  However, DIP is somewhat more effective than MG and is preferentially synthesized under heat stress.;  In contrast, the synthesis of MG is more responsive to salinity stress.;  This finding is consistent with the discovery that a few extremely thermotolerant archaea and bacteria lack the biosynthetic pathways needed for DIP synthesis and accumulate MG under heat stress (Esteves et al. 2014).;  Although studies of temperature-dependent accumulation of stabilizing osmolytes in marine eukaryotes are in their infancy, existing data on marine invertebrates are consistent with the conjecture that the types of osmolytes that are accumulated, as well as their cellular concentrations, reflect the level of temperature stress the organism faces.;  Under heat stress, the concentrations of GB in foot tissue of this thermophilic snail reached much higher values (~ 90 mmol/kg tissue) than those characteristic of less thermally tolerant species.;  In addition, even at non-stressful temperatures for this species (25 °C), GB and many amino acids were present at higher levels than typically found in marine invertebrates.;  Chen et al. (2021) suggested that high constitutive concentrations of amino acids and GB in this species may reflect a pre-adaptation for tolerating episodic extreme heat stress.;  Taurine is a good example, for it may contribute (perhaps indirectly) to reduction of stress from reactive oxygen species as well as serving as an osmolyte (Yancey 2005).; The roles of adaptive changes in osmolyte pools under cold stress have received study in a few marine species, albeit the bulk of this type of research has been done with terrestrial organisms like cold-tolerant insects (Duman 2015; Toxopeus and Sinclair 2018).;  Thus, osmolyte modulation of the biophysical properties of membranes may occur concurrently with adaptive changes in lipid composition and contribute to a multi-faceted set of stress responses that function to maintain the optimal biophysical state of cellular membranes.;  For both stressors, the perturbation induced by the stressor results principally from its effects on higher order macromolecular structures stabilized by non-covalent bonds.;  Thus, with both stressors, perturbation requires some amelioration by changes in the osmolyte composition of the cellular solution.;  Indeed, a fascinating story has developed on this topic, one that provides an exceptionally clear example of the importance of closely regulating osmolyte composition and concentration to confer on macromolecules a fitness for function in a stressful environment.;  This finding suggests that TMAO might offset perturbation by pressure, much as it can stabilize proteins against other stressors, notably urea in the case of cartilaginous fishes (Fig. 1; Yancey et al. 1982).; As in the case of temperature, adaptive changes to stress from hydrostatic pressure involve both intrinsic and extrinsic mechanisms (Gibbs and Somero 1990; Yancey 2020; Yancey and Siebenaller 2015).;  It will be interesting to determine if some of the other osmolytes that increase in concentration with depth, e.g., proline betaine and GPE, also have protein-stabilizing ability against pressure stress.;  The important roles played by DNA hairpin structures, notably in regulation of gene expression, make hairpins a relevant study system for examination of stressor effects.;  TMAO stabilized the folded RNA structure in the face of both abiotic stressors.;  Twenty-one species of ctenophores from different latitudes (temperatures from − 2 to 28 °C) and depths (surface to ~ 4000 m) were examined to search for patterns of lipid adaptation to these two physical stressors.;  In such tissues, accumulation of protein-stabilizing osmolytes under stress from temperature or pressure might be especially important.;  As pointed out in the context of acclimatization of osmolyte systems under thermal stress, the potential influences of the type of tissue that is examined must be taken into account in studies of osmolyte accumulation patterns.; The strategies used by marine organisms to cope with physical and chemical stressors have important lessons to teach biotechnologists."
"stress","D000079225",32586956,7368198,"Some organisms can tolerate environments lethal for most others, but we often do not know what adaptations allow them to persist and whether the same mechanisms underly adaptation in different lineages exposed to the same stressors.;  Our study highlights how constraints associated with the physiological consequences of a stressor limit the number of adaptive solutions and lead to repeatable evolutionary outcomes across organizational and evolutionary scales.;  Extremophile lineages inspire questions about how organisms can tolerate physiochemical stressors and whether the repeated colonization of extreme environments is facilitated by predictable and repeatable evolutionary innovations.;  Our results demonstrate that the modification of highly conserved physiological pathways associated with essential mitochondrial processes mediates tolerance to physiochemical stress.;  This paradigm has been shifting though, with mounting evidence that mitochondria—and genes encoded in the mitochondrial genome—can play important roles in adaptation, especially in the context of physiochemical stress (6). 2) Mitochondria are critical for the cellular function of eukaryotes (7)."
"stress","D000079225",33320434,8085985,"Briefly, our proposed mechanism on keratinolysis associated with the suf operon including the SufSU complex includes three major cellular metabolic pathways; (i) sulfur transfer for Fe‐S cluster biogenesis, (ii) stress response through intracellular cysteine/cystine‐mediated redox homeostasis, and (iii) extracellular cysteine/cystine‐mediated reducing power for sulfitolysis.
;  In addition to its essential role in redox chemistry and stress responses of Fe–S cluster proteins, the Suf system may play an important role in keratin degradation by Fervidobacterium islandicum AW‐1.;  Fe–S cluster‐containing proteins are highly specific for sensing various redox signals including levels of oxidative stress and the abundance of elements such as iron, and they are involved in responses and adaptation to environmental changes, resulting in adaptive cellular responses (Mettert and Kiley, 2015; Golinelli‐Cohen and Bouton, 2017).;  Unlike the analogous Isc system, the Suf system is highly expressed upon exposure to oxidative stress or iron starvation (Outten et al., 2004; Huet et al., 2005; Shi et al., 2010; Marinoni et al., 2012).;  Intriguingly, genes encoding peptide/cysteine ATP‐binding cassette (ABC) transporters, sulfur formation proteins, together with stress response‐related genes encoding DnaK, DnaJ, chaperone Hsp33, and 2‐oxoacid:ferredoxin oxidoreductase (OFOR), sulfite exporter TauE/SafE family protein (SafE) were upregulated in cells grown on feathers compared with cells grown on glucose in the absence of elemental sulfur (S0).;  These results suggest that the Suf system including FiSufS and FiSufU and stress response proteins together with keratinolytic proteases might be required for feather degradation, which was also observed under starvation conditions (Kang et al., 2020).;  YedE, DsrE and TusA), and stress response‐related proteins (e.g.;  Taken together, these results suggest that the Suf system including FiSufS and FiSufU and stress response proteins might be required for feather degradation under sulfur starvation conditions.;  Furthermore, the Suf system‐related genes, which play an important role in controlling the Fe–S homeostasis under stress conditions such as iron starvation and oxidative stress, are of importance during the infection cycle of pathogens such as Dickeya dadantii (Rincon‐Enriquez et al., 2008), Shigella flexneri (Runyen‐Janecky et al., 2008) and Acinetobacter baumannii (Zimbler et al., 2012).;  Fe–S cluster‐containing proteins can act as rapid and efficient stress response systems, which may help cells to retain crucial activities in response to changes in nutrient including So availability, cellular redox potential or other environmental perturbations (Golinelli‐Cohen and Bouton, 2017).;  As shown in Fig. 4, cellular reproduction was increased in cells grown on feathers in the presence of S0, whereas the capability of keratin degradation (per g cell) was rather decreased, indicating that non‐availability of sulfur sources necessitates the stress response, thereby promoting keratin degradation to provide the formation of extracellular free cysteine and cysteine‐containing peptides as a sulfur source for the Fe–S biogenesis as well as a nitrogen source for survival.;  On the other hand, the excess amounts of intracellular l‐cysteine, which can cause intracellular oxidative stress, should be pumped out to extracellular environments by cysteine transporters for maintaining intracellular redox homeostasis.; Overall, we propose that microbial keratin degradation might underlie a strategy for survival under sulfur starvation conditions, implying that strains capable of anaerobic sulfurur metabolism may have evolved the ability to use the Fe–S cluster biogenesis machinery for the utilization of sulfur‐containing nutrients as well as a survival strategy under stress conditions."
"stress","D000079225",31386567,6818489," Growth was measured through colony-forming unit (CFU) counts, while cellular and colonial phenotypic stress responses were observed through visible light, fluorescence, and scanning electron microscopy.;  However, (4) MSCg values are higher for all chlorides compared to perchlorates. (5) The MSCg for calcium chloride was increased by lowering the temperature from 25°C to 4°C, while sodium- and magnesium-containing salts can be tolerated at 25°C to higher concentrations than at 4°C. (6) Depending on salt type and concentration, P. halocryophilus cells show distinct phenotypic stress responses such as novel types of colony morphology on agar plates and biofilm-like cell clustering, encrustation, and development of intercellular nanofilaments.;  Under subzero growth conditions, this bacterial strain develops a nodular sheet-like crust around the cells which might provide protection against cold and osmotic stress (Ronholm et al.,
2015; Mykytczuk et al.,
2016).;  In addition, there might be other suitable extraterrestrial habitats that provide both osmotic stress conditions and feasible O2 levels.;  Furthermore, we investigated the phenotypic adaptations to salt stress such as changes in cell and colony morphology and the formation of cell clusters.; Macroscopically visible salt stress responses: (A) Biofilm-like cell clumping occurring in a 10 wt% NaClO4 culture after 1 month of growth. (B) Two different colony morphologies of P. halocryophilus observed 1 week after plating a 9 wt% NaClO4 culture at 25°C.;  Contamination was ruled out through 16S sequencing of both colony types (99.90% sequence similarity of type I versus type II, data not shown), suggesting that the colony type II represents a reversible multigenerational phenotypic adaptation of P. halocryophilus to high perchlorate salt stress.;  Several salt stress responses were observed including formation of cell clusters (G–I) and filaments (f) (E), and encrustation (en) of some cells in CaCl2-containing cultures (F).;  Concurrent with cell clustering under salt-stress conditions is the development of intercellular nanofilaments within a cluster (Fig. 5E).; Microbial salt-stress responses and multigenerational adaptations such as microbial cell aggregation and biofilm formation have been observed for various stress conditions such as desiccation (Monier and Lindow, 2003), UV radiation (Fröls et al.,
2008), or NaCl exposure (Philips et al.,
2017).;  Thus far, NaCl is the only salt for which the salt-stress response of P. halocryophilus has been investigated, showing that the cells developed an EPS-like coating with short filament-like features if grown in 15 wt% (18 wt/vol%) NaCl media at −5°C (see Fig. 1e, 1f in Mykytczuk et al.,
2016).;  Such stress-induced changes in colony morphology are also known for other stressors than high salinity; for example, under nutrient starvation Vibrio cholerae colonies change from the normal translucent to a rugose type (Wai et al.,
1998), or with a pH shift Bacillus subtilis colonies change from the normal notched “volcano-like” to a round and front-elevated “crater-like” shape (Tasaki et al.,
2017).; The phenotypic responses described above demonstrate that organisms like P. halocryophilus can develop perchlorate-specific stress adaptations that are not (or only to a lower extent) used to counteract high chloride concentrations."
"stresses","D000079225",38252174,10803503," Here, we aimed to heterologously express 18 HSP20s from 12 thermotolerant bacteria in Escherichia coli and evaluate their effects on various physical and chemical cellular stresses.; Living cells are equipped with various molecular machineries to adapt to physical and chemical stresses, such as cold, heat, acid, alkali, and salinity.;  In particular, HSP20, a type of small HSP, has been well studied in eukaryotes, archaea, and bacteria, and plays crucial roles against many physical and chemical stresses (Tanguay and Hightower 2015).;  The transcription of small HSPs is induced by multiple stresses, such as heat, cold, starvation, pH changes, chemicals, biomodulators, and posttranslational modifications (e.g., Guo et al. 2020; Cong et al. 2020), to adopt these stresses.;  Furthermore, heterologous overexpression of HSP20 derived from multiple organisms can enhance cellular tolerance to diverse stresses in E. coli cells (Table 1).;  In addition, proteins from thermophiles and hyperthermophiles exhibit excellent tolerance not only to high temperatures, but also to other stresses, such as those caused by organic solvents and detergents (Owusu and Cowan 1989; Atomi 2005).;  In this study, we aimed to introduce 18 small HSP20s from 12 thermophilic and thermotolerant bacteria into E. coli (Table 2) and evaluate their effects on various physical and chemical cellular stresses.; To reveal the effect of each HSP20 on the other stresses except for temperature, we investigated the cell viability after exposure to acidic (pH 3, 1 h), alkalic (pH 11, 1 h), and hyperosmotic (10% NaCl, 6 h) conditions (Fig. 3).;  Compared to the control strains harboring pET28a (NC) or pET28a-ivy (ivy), HSP20 also improved the viability of E. coli to multiple stresses other than extreme temperatures.;  Two types of HSP20s, O2 and TS, successfully improved tolerance to a variety of stresses in E. coli."
"toxicity","D064420",32586956,7368198," Sulfide spring fishes across multiple genera have evolved similar modifications of toxicity targets and detoxification pathways, despite abundant lineage-specific variation.;  Using comparative biochemical and physiological analyses, we found that mitochondrial function is maintained in the presence of H2S in sulfide spring P. mexicana but not ancestral lineages from nonsulfidic habitats due to convergent adaptations in the primary toxicity target and a major detoxification enzyme.;  On a macroevolutionary scale, H2S tolerance in 10 independent lineages of sulfide spring fishes across multiple genera of Poeciliidae is correlated with the convergent modification and expression changes in genes associated with H2S toxicity and detoxification.; H2S toxicity and detoxification are associated with highly conserved physiological pathways in mitochondria (Fig. 1A) (11, 12), providing a priori predictions about the potential molecular mechanisms underlying adaptation to this strong source of selection.;  These include nuclear and mitochondrial genes encoding subunits of the direct toxicity target (COX) and the nuclear gene encoding the enzyme mediating the first step of detoxification (SQR) (10).;  Tolerance to H2S may, therefore, be mediated by resistance (modification of toxicity targets that reduce the negative impact of H2S), regulation (modification of physiological pathways that maintain H2S homeostasis), or both (9).; (A) Physiological pathways associated with H2S toxicity and detoxification are located in the inner mitochondrial membrane.;  Functional annotation indicated that genes with convergent expression shifts were enriched for biological processes associated with H2S detoxification (SQR pathway, Fig. 3D), the processing of sulfur compounds, and H2S toxicity targets in OxPhos (SI Appendix, Fig.; We also identified 11 genes with elevated nonsynonymous to synonymous substitution rates across the phylogeny, including three mitochondrial genes that encode subunits of H2S’s toxicity target (COX1 and COX3) and OxPhos complex III (CYTB; Dataset S4).;  These findings suggest that modifications of H2S toxicity targets and detoxification pathways are not only critical in the evolution of H2S tolerance in P. mexicana, but also they have evolved in convergence in other lineages that were exposed to the same source of selection.;  As predicted, we found that the repeated evolution of H2S tolerance in independent P. mexicana populations is mediated both by modifications of a direct toxicity target (causing increased resistance to H2S) and a pathway involved in detoxification (causing an increased ability to regulate mitochondrial H2S).;  This convergence at multiple levels of biological organization is likely a consequence of constraint because the explicit biochemical and physiological consequences of H2S limit the ways organisms can cope with its toxicity (32, 33)."
"toxicity","D064420",27334284,4918007,"Our results suggest that higher toxicity exerts stronger selection, and that divergent selection appears to constrain gene flow, supporting a scenario of ecological speciation.;  H2S toxicity results predominantly from its interference with mitochondrial bioenergetics, which inhibits oxidative phosphorylation [30, 31]. The suppression of aerobic respiration is aggravated by the reactivity of H2S leading to extreme hypoxia in aquatic environments; nevertheless, a number of livebearing fishes (Poeciliidae) have successfully colonized naturally sulfidic habitats [31]. Adaptation to H2S has been studied especially within the genus Poecilia from southern Mexico, where evolutionarily independent lineages have colonized sulfidic springs in four river drainages (e.g., [9, 32–40])."
"toxicity and deficiency","D064420",21109526,3074139,"Because iron toxicity and deficiency are equally life threatening, maintaining intracellular iron levels within a narrow optimal range is critical for nearly all known organisms."
