﻿List Of Organisms,Protein,Gene
"A. caldus, acidithiobacillus caldus",ABC transporter ATP-binding protein,A5904_RS11470
A. durhamensis,,
"A. ferrooxidans, Acidithiobacillus ferrooxidans","Rusticyanin,Cytochrome oxidases","Rusticyanin (rus),SoxXYZABCD"
A. franciscana,"Chitinase,P53","Actin,Hsp70,GAPDH"
"A. robiniae, Actinospica robiniae","Nitrogenase,Cytochrome c oxidase","Nif genes,Cyt c oxidase"
Acidianus two-tailed virus,"DNA polymerase,Tail fiber protein,Major capsid protein","ATPase gene,Endonuclease gene"
Acidimicrobium ferrooxidans,"Rusticyanin,Cytochrome c oxidases","Cytochrome c oxidase genes,Cytochrome c oxidase genes"
Acidiphilium cryptum,Chaperone proteins,"Cytochrome c oxidase genes,Cytochrome c oxidase genes"
Acidithiobacillus ferrivorans,Hydrogenase,"Acid resistance genes,Hydrogen oxidation genes"
Acidithrix ferrooxidans,"Rubisco,Chaperone proteins","Sulfur oxidation genes,carbon fixation genes"
"Acinetobacter, Acinetobacter sp. Ver3","OXA-type ?-lactamase genes,Efflux pump genes","OXA-type ?-lactamases,Efflux pumps"
